CustomerID,Predicted_CLV
12346.0,78106.25
12347.0,26934.045
12348.0,6942.2266
12349.0,2108.0793
12350.0,313.82037
12352.0,19733.447
12353.0,162.2861
12354.0,1372.6676
12355.0,505.11514
12356.0,8961.6045
12357.0,14449.474
12358.0,2178.8745
12359.0,28567.654
12360.0,7233.3496
12361.0,196.67453
12362.0,52893.2
12363.0,1067.1453
12364.0,5341.924
12365.0,1245.015
12367.0,118.63308
12370.0,13365.496
12371.0,3911.1511
12372.0,3035.1453
12373.0,358.46545
12374.0,743.55475
12375.0,855.7189
12377.0,3691.2507
12378.0,5534.5537
12379.0,1589.9573
12380.0,10956.497
12381.0,8752.83
12383.0,8813.365
12384.0,1098.396
12386.0,715.10815
12388.0,16769.6
12390.0,602.8836
12391.0,519.2804
12393.0,5655.011
12394.0,2220.5417
12395.0,39451.086
12397.0,5106.4727
12398.0,2226.0515
12399.0,4378.0757
12401.0,162.2861
12402.0,233.90495
12403.0,426.85938
12405.0,2226.0515
12406.0,8109.4556
12407.0,8249.033
12408.0,13646.071
12409.0,36677.55
12410.0,1261.3387
12412.0,3035.1453
12413.0,1960.0697
12414.0,1583.0132
12415.0,2.6227995e+06
12417.0,31960.486
12418.0,574.1302
12420.0,631.44214
12421.0,3329.2424
12422.0,2049.7134
12423.0,15457.467
12424.0,3559.114
12425.0,729.3897
12426.0,619.96936
12427.0,2231.626
12428.0,78799.55
12429.0,16707.059
12430.0,233.90495
12431.0,100239.53
12432.0,24437.95
12433.0,97253.79
12434.0,1422.2094
12435.0,26748.424
12436.0,535.10004
12437.0,87190.33
12438.0,6305.678
12441.0,185.79457
12442.0,118.63308
12444.0,26827.982
12445.0,187.30057
12446.0,1352.0668
12447.0,517.2808
12448.0,426.85938
12449.0,16941.717
12450.0,517.2235
12451.0,55706.49
12452.0,777.46313
12453.0,675.32446
12454.0,4810.8984
12455.0,14268.906
12456.0,10115.097
12457.0,16341.881
12458.0,1728.139
12461.0,1589.9573
12462.0,2268.4482
12463.0,5295.173
12464.0,10062.958
12465.0,1422.5359
12468.0,1354.3058
12471.0,581561.56
12472.0,44169.207
12473.0,20020.549
12474.0,131818.11
12475.0,675.32446
12476.0,79759.24
12477.0,76728.99
12478.0,523.2923
12479.0,549.2651
12480.0,12701.327
12481.0,53054.027
12483.0,19733.447
12484.0,28053.812
12488.0,3081.8967
12489.0,313.82037
12490.0,52997.195
12491.0,519.2804
12492.0,578.66077
12493.0,763.2981
12494.0,9560.453
12497.0,1352.0668
12498.0,1244.6608
12500.0,45040.09
12501.0,3421.452
12502.0,20006.383
12504.0,867.88434
12506.0,157.2351
12507.0,3035.1453
12508.0,729.2732
12509.0,185.79457
12510.0,2031.0485
12512.0,459.821
12513.0,631.44214
12514.0,1352.0668
12515.0,378.66946
12516.0,2971.6248
12517.0,12296.767
12518.0,10367.364
12519.0,313.82037
12520.0,11660.631
12521.0,631.44214
12522.0,531.38855
12523.0,20847.0
12524.0,33747.67
12526.0,3795.8728
12527.0,1166.0192
12528.0,10864.187
12530.0,6494.015
12531.0,187.30057
12532.0,360.37357
12534.0,1372.6676
12535.0,1354.3058
12536.0,45974.58
12538.0,372.6305
12539.0,23522.953
12540.0,241082.28
12541.0,2713.9963
12544.0,372.6305
12545.0,2031.0485
12546.0,2254.2832
12547.0,517.2235
12548.0,162.2861
12550.0,1049.1576
12551.0,185.79457
12552.0,777.46313
12553.0,36231.797
12556.0,1095.7037
12557.0,61102.11
12558.0,313.59814
12559.0,1067.1453
12560.0,6746.07
12561.0,233.90495
12562.0,26786.463
12564.0,505.11514
12565.0,173.13553
12566.0,346.20853
12567.0,93336.04
12569.0,143512.08
12571.0,885.70355
12572.0,2077.7998
12573.0,182.25806
12574.0,218.72638
12576.0,6962.8066
12577.0,1810.8787
12578.0,6305.678
12579.0,426.85938
12580.0,412.76233
12581.0,223.50269
12582.0,871.5385
12583.0,117748.56
12584.0,21230.254
12585.0,3911.1511
12586.0,223.50269
12587.0,219.8868
12588.0,223.50269
12589.0,1259.1799
12590.0,48331.38
12591.0,426.85938
12592.0,763.2981
12593.0,1278.6857
12594.0,31723.22
12596.0,1095.7037
12597.0,16810.543
12598.0,24345.006
12599.0,7791.6074
12600.0,26334.732
12601.0,3687.9885
12602.0,182.25806
12603.0,689.4895
12604.0,545.7189
12607.0,1801.3789
12609.0,3001.9902
12610.0,10442.064
12611.0,1196.8187
12612.0,639.1118
12613.0,16265.349
12614.0,285.61853
12615.0,8300.942
12616.0,1354.3058
12617.0,360.37357
12618.0,199.95961
12619.0,31953.057
12620.0,3898.139
12621.0,292092.7
12622.0,185.79457
12623.0,285.61853
12624.0,1245.015
12625.0,4564.7236
12626.0,60942.258
12627.0,30858.916
12628.0,1974.3044
12630.0,2267.2932
12631.0,574.1302
12633.0,8660.616
12635.0,3691.2507
12637.0,49666.402
12638.0,588.2952
12639.0,517.2808
12640.0,3062.677
12641.0,185.79457
12642.0,2713.9963
12643.0,19662.967
12644.0,517.2808
12645.0,6956.3916
12646.0,2896.2163
12647.0,45653.03
12648.0,285.61853
12649.0,1667.3451
12650.0,229.02756
12651.0,162.2861
12652.0,894.3316
12653.0,5048.8184
12654.0,3702.1533
12656.0,20151.723
12657.0,6508.18
12658.0,604.61896
12659.0,176.45114
12660.0,248.06995
12662.0,42578.152
12664.0,40237.996
12665.0,157.2351
12667.0,651.38464
12668.0,16810.543
12669.0,8947.439
12670.0,15687.189
12672.0,233.90495
12673.0,1028.5428
12674.0,7060.253
12676.0,8569.005
12678.0,221123.38
12679.0,4378.0757
12680.0,3469.6887
12681.0,315734.44
12682.0,379911.34
12683.0,125184.38
12684.0,15220.295
12685.0,16769.6
12686.0,162.2861
12688.0,6725.303
12689.0,2234.7068
12690.0,378.66946
12691.0,6484.5723
12693.0,3545.0972
12694.0,1573.3129
12695.0,2716.8706
12697.0,2411.0872
12700.0,21884.48
12701.0,1422.2094
12702.0,232.8914
12703.0,274.46072
12704.0,18955.059
12705.0,63781.527
12707.0,631.44214
12708.0,28661.312
12709.0,144648.03
12710.0,3048.512
12712.0,53784.555
12713.0,843.8144
12714.0,27457.684
12715.0,346.20853
12716.0,1989.8578
12717.0,2031.0485
12718.0,233.90495
12719.0,1177.8533
12720.0,143671.6
12721.0,14798.32
12722.0,4075.9167
12723.0,4183.817
12724.0,4000.5083
12725.0,426.85938
12726.0,17023.05
12727.0,26742.47
12728.0,3545.0972
12729.0,505.11514
12731.0,313874.25
12732.0,233.90495
12733.0,378.66946
12734.0,162.2861
12735.0,1422.2094
12736.0,233.90495
12738.0,182.25806
12739.0,2031.0485
12740.0,426.85938
12743.0,1067.1453
12744.0,152760.48
12747.0,44517.98
12748.0,7.080836e+06
12749.0,20047.66
12750.0,266.8468
12752.0,5844.3955
12753.0,268026.1
12754.0,10117.214
12755.0,10392.079
12756.0,162.2861
12757.0,105355.37
12758.0,6291.513
12759.0,3944.9346
12762.0,3896.8843
12763.0,871.5385
12764.0,2226.0515
12766.0,47045.457
12769.0,1223.6284
12770.0,1806.1654
12772.0,894.3316
12775.0,7319.5176
12778.0,5567.38
12779.0,29612.803
12781.0,1589.9573
12782.0,11799.864
12783.0,12414.047
12784.0,1130.9822
12785.0,285.61853
12787.0,1403.6925
12789.0,162.2861
12790.0,285.61853
12791.0,209.3377
12792.0,378.66946
12793.0,1067.1453
12794.0,1589.9573
12795.0,441.0244
12797.0,233.90495
12798.0,23703.076
12802.0,426.85938
12808.0,1383.7516
12809.0,517.2808
12811.0,1387.4059
12812.0,233.90495
12814.0,173.13553
12815.0,2065.2668
12816.0,1084.2311
12817.0,182.25806
12818.0,1801.3789
12820.0,3697.5989
12821.0,162.2861
12822.0,1728.139
12823.0,8374.153
12824.0,378.66946
12826.0,10764.237
12827.0,1211.5239
12828.0,6304.468
12829.0,610.89935
12830.0,40528.383
12831.0,209.3377
12832.0,729.2732
12833.0,426.85938
12834.0,285.61853
12836.0,9484.737
12837.0,173.13553
12838.0,1275.5037
12839.0,76228.51
12840.0,10942.332
12841.0,100822.88
12842.0,2281.0928
12843.0,13535.34
12844.0,664.424
12845.0,2050.3535
12847.0,908.49664
12849.0,2079.4316
12851.0,173.13553
12852.0,285.61853
12853.0,10766.129
12854.0,3883.9739
12855.0,157.2351
12856.0,12478.718
12857.0,2165.7356
12863.0,535.10004
12864.0,173.13553
12865.0,3024.979
12866.0,602.8836
12867.0,26742.47
12868.0,9950.361
12871.0,694.9041
12872.0,1095.7037
12873.0,358.46545
12875.0,650.259
12876.0,5048.8184
12877.0,22359.842
12878.0,1589.9573
12879.0,1600.099
12881.0,285.61853
12882.0,3057.5654
12883.0,3012.4893
12884.0,285.61853
12885.0,3048.512
12886.0,3029.4583
12888.0,682.64716
12890.0,372.6305
12891.0,1133.6312
12893.0,210.8396
12895.0,694.9041
12897.0,517.2235
12901.0,499890.66
12902.0,173.13553
12904.0,885.70355
12906.0,13646.071
12908.0,1408.371
12909.0,10442.064
12910.0,24328.875
12912.0,8160.931
12913.0,12195.9375
12915.0,694.9041
12916.0,12689.279
12917.0,619.96936
12919.0,8511.062
12920.0,196.4231
12921.0,570281.3
12922.0,378.66946
12923.0,185.79457
12924.0,3773.0073
12925.0,1194.177
12928.0,10442.064
12929.0,162.2861
12930.0,749.20105
12931.0,634988.6
12933.0,1661.5674
12935.0,14691.731
12936.0,4124.2993
12937.0,5669.1763
12938.0,176.45114
12939.0,92054.836
12940.0,1573.3129
12942.0,1813.0375
12944.0,1109.8687
12945.0,505.11514
12947.0,9950.361
12948.0,14766.432
12949.0,30106.79
12950.0,5131.5376
12951.0,6677.003
12952.0,5563.7817
12953.0,360.57172
12955.0,52037.73
12956.0,162.2861
12957.0,29941.06
12962.0,511.49915
12963.0,15616.06
12965.0,729.3897
12966.0,229.00932
12967.0,3691.2507
12968.0,173.13553
12970.0,2211.7126
12971.0,962622.2
12974.0,173.13553
12976.0,675.32446
12977.0,157.2351
12980.0,71142.45
12981.0,709.06915
12982.0,378.66946
12984.0,176.45114
12985.0,2145.133
12987.0,1067.1453
12988.0,544.48517
12989.0,100114.12
12990.0,1278.7535
12991.0,885.70355
12993.0,2233.4705
12994.0,2624.4229
12995.0,209.3377
12997.0,4460.5063
12999.0,1356.9414
13000.0,1524.6149
13001.0,112998.39
13002.0,165.24428
13003.0,914.1533
13004.0,99534.12
13005.0,871.5385
13006.0,162.2861
13008.0,233.90495
13011.0,157.2351
13012.0,13423.798
13013.0,62549.465
13014.0,31723.22
13015.0,16265.349
13016.0,2049.7134
13017.0,142.17609
13018.0,201695.11
13021.0,22155.38
13023.0,1261.3387
13026.0,5269.9375
13027.0,43250.64
13028.0,1259.1799
13029.0,3049.3103
13030.0,1436.3743
13032.0,2031.0485
13033.0,196.67453
13034.0,1245.015
13035.0,1573.3129
13037.0,2242.096
13038.0,2242.096
13040.0,1308.0898
13043.0,535.10004
13044.0,602.8836
13045.0,285.61853
13046.0,1129.8113
13047.0,31044.887
13048.0,7070.5767
13049.0,1245.015
13050.0,93642.81
13052.0,346.20853
13055.0,3048.512
13058.0,1004.0411
13059.0,185.79457
13060.0,285.61853
13061.0,233.90495
13062.0,346.20853
13064.0,4392.2407
13065.0,209.3377
13066.0,867.88434
13067.0,162.2861
13068.0,697.0102
13069.0,113458.5
13070.0,233.90495
13072.0,185.79457
13075.0,894.3316
13077.0,3031.6177
13078.0,349331.1
13079.0,1875.7017
13080.0,157.2351
13081.0,311928.4
13082.0,31938.89
13083.0,565.46606
13085.0,763.2981
13089.0,5.7070785e+06
13090.0,118272.734
13091.0,360.37357
13092.0,2973.7942
13093.0,59800.586
13094.0,25367.865
13095.0,157.2351
13097.0,54813.277
13098.0,814614.2
13099.0,209.3377
13101.0,162.2861
13102.0,151663.55
13103.0,248.06995
13104.0,6804.5493
13106.0,157.2351
13107.0,5655.011
13108.0,346.20853
13109.0,1422.2094
13110.0,10957.033
13113.0,300519.8
13115.0,8375.643
13116.0,535.10004
13117.0,9257.818
13118.0,5969.8438
13120.0,157.2351
13121.0,274.46072
13122.0,1573.3129
13124.0,12915.544
13126.0,17175.732
13127.0,233.90495
13130.0,157.2351
13131.0,2748.2146
13132.0,157.2351
13133.0,459.821
13134.0,6942.2266
13135.0,4446.8984
13136.0,12174.312
13137.0,29328.537
13138.0,6181.662
13139.0,36794.26
13140.0,1278.6857
13141.0,11976.947
13142.0,299.78357
13144.0,162.2861
13145.0,2798.1968
13146.0,248.06995
13147.0,3153.7776
13148.0,45653.03
13149.0,6508.18
13151.0,1163.0771
13153.0,450.1193
13155.0,3787.1724
13157.0,6619.1353
13158.0,4424.5977
13159.0,5698.635
13160.0,176.45114
13161.0,162.2861
13162.0,6494.015
13165.0,2031.0485
13166.0,426.85938
13167.0,3329.2424
13168.0,5309.338
13169.0,1354.3058
13170.0,176.45114
13171.0,1383.7516
13173.0,626.056
13174.0,8961.6045
13176.0,535.10004
13177.0,269.35162
13178.0,64626.727
13182.0,165.24428
13183.0,32565.58
13184.0,18381.299
13185.0,157.2351
13186.0,3959.0996
13187.0,233.90495
13188.0,176.45114
13189.0,592.8258
13192.0,1573.3129
13193.0,162.2861
13194.0,157.2351
13196.0,6956.3916
13198.0,19977.865
13199.0,377652.47
13200.0,3632.3462
13203.0,3664.9326
13207.0,559.8839
13208.0,7571.363
13209.0,46599.977
13210.0,346.20853
13211.0,3095.2634
13212.0,2063.8782
13213.0,7410.0293
13216.0,313.82037
13217.0,1387.4059
13218.0,157.2351
13220.0,3545.0972
13221.0,1589.9573
13223.0,485.7634
13224.0,5048.8184
13225.0,45930.69
13226.0,162.2861
13227.0,233.90495
13228.0,358.46545
13229.0,182.25806
13230.0,39906.992
13232.0,10409.283
13233.0,1095.7037
13235.0,1352.0668
13236.0,1422.5359
13238.0,3012.4893
13239.0,313.82037
13240.0,2933.3425
13242.0,989.8762
13243.0,631.44214
13244.0,165.24428
13245.0,426.85938
13246.0,10780.294
13247.0,2479.6348
13248.0,853.7193
13249.0,1906.0045
13253.0,2031.0485
13255.0,761.8594
13256.0,171.40015
13258.0,1875.8604
13259.0,274.46072
13260.0,602.8836
13261.0,1728.139
13262.0,209.3377
13263.0,310487.0
13265.0,10427.899
13266.0,47149.883
13267.0,88166.31
13268.0,36004.555
13269.0,83420.445
13270.0,619.96936
13271.0,232.8914
13272.0,592.8258
13273.0,173.13553
13276.0,1084.2311
13277.0,1701.5161
13278.0,602.8836
13279.0,173.13553
13280.0,2217.4612
13282.0,3016.1553
13283.0,459.821
13284.0,209.3377
13285.0,10956.497
13291.0,358.46545
13292.0,1098.396
13294.0,1573.3129
13295.0,209.3377
13296.0,162.2861
13297.0,8758.674
13298.0,301.87457
13299.0,173.13553
13300.0,358.46545
13301.0,2784.0317
13302.0,157.2351
13304.0,285.61853
13305.0,20765.04
13307.0,157.2351
13308.0,3955.9724
13309.0,7217.2505
13310.0,3016.1553
13311.0,1028.5428
13313.0,7424.1943
13314.0,1884.6609
13316.0,25219.8
13317.0,12750.631
13318.0,1729.552
13319.0,302274.0
13320.0,5655.011
13321.0,1084.2311
13322.0,223.50269
13323.0,4394.1074
13324.0,69737.45
13325.0,590.4539
13327.0,29328.537
13328.0,1163.0771
13329.0,1436.3743
13330.0,3001.9902
13332.0,360.37357
13334.0,10793.431
13336.0,743.2281
13338.0,517.2808
13339.0,910.976
13340.0,68780.59
13341.0,729.3897
13343.0,346.20853
13344.0,7566.755
13345.0,378.66946
13347.0,313.82037
13348.0,233.90495
13349.0,248.06995
13350.0,2045.2134
13351.0,358.46545
13352.0,378.66946
13354.0,729.3897
13355.0,574.1302
13356.0,729.3897
13357.0,631.44214
13358.0,426.85938
13359.0,426.85938
13362.0,12787.337
13363.0,2045.2134
13364.0,173.13553
13365.0,5156.906
13366.0,157.2351
13368.0,1115.6464
13369.0,285.61853
13370.0,729.3897
13372.0,358.46545
13373.0,10793.431
13375.0,743.2281
13376.0,2699.8313
13379.0,1614.2639
13381.0,23653.104
13382.0,218.72638
13384.0,27236.457
13385.0,544.48517
13388.0,1261.3387
13389.0,2063.8782
13390.0,602.8836
13391.0,157.2351
13394.0,19564.855
13395.0,285.61853
13396.0,2985.7898
13397.0,7410.0293
13398.0,505.11514
13402.0,1115.6464
13403.0,171.40015
13404.0,478.5572
13405.0,1600.099
13408.0,1.7449362e+06
13410.0,5359.5117
13411.0,209.3377
13414.0,3941.8074
13416.0,1354.3058
13417.0,1177.8533
13418.0,105605.695
13419.0,218.72638
13420.0,485.7634
13421.0,3925.3162
13422.0,3303.8372
13425.0,4783.941
13426.0,35910.965
13427.0,1614.2639
13428.0,265.47766
13429.0,4090.0818
13430.0,1275.5037
13431.0,2220.5417
13434.0,1008.7475
13435.0,26407.8
13436.0,142.17609
13437.0,22277.877
13439.0,274.46072
13441.0,274.46072
13447.0,3016.1553
13448.0,19677.133
13449.0,288.62576
13450.0,10780.294
13451.0,15603.297
13452.0,1084.2311
13453.0,682.64716
13455.0,2079.4316
13456.0,10593.165
13458.0,115804.03
13460.0,499.92847
13461.0,3955.9724
13462.0,182.25806
13464.0,574.1302
13466.0,285.61853
13467.0,2179.9006
13468.0,217441.9
13470.0,485.7634
13471.0,9532.491
13473.0,763.2981
13474.0,233.90495
13475.0,5651.884
13476.0,2220.5417
13477.0,8925.716
13479.0,622.0572
13481.0,8697.242
13482.0,185.79457
13483.0,173.13553
13484.0,285.61853
13485.0,505.11514
13486.0,3001.9902
13487.0,1600.099
13488.0,115324.47
13489.0,2278.8738
13491.0,15157.783
13492.0,3035.1453
13493.0,1095.7037
13494.0,285.61853
13495.0,10525.957
13496.0,1259.1799
13497.0,682.64716
13499.0,5969.8438
13500.0,3062.677
13501.0,1806.1654
13502.0,1061.1525
13503.0,209.3377
13504.0,274.46072
13505.0,17421.537
13506.0,841.55383
13507.0,9532.491
13508.0,162.2861
13509.0,7733.663
13510.0,6830.384
13512.0,233.90495
13513.0,209.3377
13514.0,182.25806
13515.0,3618.1812
13516.0,3955.9724
13517.0,6782.8647
13518.0,574.1302
13519.0,173.13553
13520.0,23638.938
13521.0,2811.225
13522.0,187.30057
13523.0,20151.723
13524.0,4051.899
13525.0,1129.8113
13527.0,15136.402
13529.0,622.0572
13531.0,853.7193
13532.0,223.50269
13533.0,989.8762
13534.0,146937.02
13536.0,22199.947
13538.0,9546.288
13539.0,1667.3451
13544.0,625.0644
13546.0,1681.51
13548.0,1261.3387
13549.0,7292.6904
13551.0,162.2861
13552.0,46327.535
13555.0,17421.537
13557.0,1098.396
13558.0,2716.8706
13560.0,118.63308
13561.0,173.13553
13562.0,5065.5347
13563.0,1408.371
13564.0,4742.444
13565.0,559.8839
13566.0,1573.3129
13568.0,209.3377
13569.0,709.06915
13570.0,233.90495
13571.0,27150.613
13572.0,1863.9988
13573.0,610.89935
13575.0,4273.391
13576.0,111808.48
13577.0,6508.18
13579.0,867.88434
13581.0,162.2861
13583.0,743.2281
13584.0,173.13553
13587.0,675.32446
13588.0,22020.32
13589.0,709.06915
13590.0,10780.294
13591.0,3001.9902
13592.0,1701.5161
13593.0,8813.365
13594.0,378.66946
13596.0,1194.177
13598.0,185.79457
13599.0,104252.64
13600.0,218.72638
13601.0,1261.3387
13602.0,426.85938
13603.0,196.4231
13606.0,1033.6215
13607.0,604.61896
13610.0,8703.341
13611.0,3048.512
13614.0,6508.18
13615.0,426.85938
13617.0,1597.1781
13618.0,185.79457
13621.0,209.3377
13623.0,4327.4565
13626.0,233.90495
13627.0,8249.033
13629.0,87297.74
13630.0,13077.196
13631.0,35033.64
13632.0,10442.064
13634.0,7424.1943
13635.0,1272.1984
13636.0,5056.6016
13637.0,2217.4612
13638.0,179.40932
13639.0,1352.0668
13642.0,346.20853
13643.0,1401.5708
13644.0,9498.902
13645.0,233.90495
13647.0,6540.766
13649.0,682.64716
13650.0,10778.3545
13651.0,473.98615
13652.0,2886.6335
13654.0,16755.434
13655.0,1728.139
13656.0,694.9041
13657.0,729.2732
13658.0,11758.688
13659.0,3010.814
13662.0,2242.096
13663.0,196.67453
13666.0,886.30023
13667.0,285.61853
13668.0,131153.31
13669.0,545.7189
13670.0,346.20853
13672.0,485.7634
13673.0,729.2732
13675.0,853.7193
13678.0,233.90495
13680.0,16383.0625
13681.0,3559.2622
13682.0,157.2351
13684.0,157.2351
13685.0,21163.775
13686.0,157.2351
13689.0,894.3316
13690.0,185.79457
13692.0,3959.0996
13694.0,3.2546222e+06
13695.0,40544.695
13697.0,196.4231
13699.0,285.61853
13700.0,23354.766
13703.0,162.2861
13704.0,20883.428
13705.0,1952.7556
13706.0,313.82037
13707.0,1422.2094
13708.0,285.61853
13709.0,79644.44
13710.0,199.95961
13711.0,545.7189
13712.0,233.90495
13715.0,5662.5107
13716.0,173.13553
13717.0,8925.716
13718.0,622.0572
13719.0,5392.751
13720.0,3315.0774
13721.0,549.2651
13722.0,7530.979
13723.0,209.3377
13725.0,15689.485
13726.0,2179.9006
13727.0,664.424
13728.0,6484.5723
13730.0,1408.371
13731.0,1095.7037
13732.0,549.2651
13735.0,10956.497
13736.0,1278.897
13737.0,313.82037
13739.0,223.50269
13740.0,346.20853
13741.0,1796.7137
13742.0,39841.89
13743.0,10216.487
13744.0,2254.2832
13745.0,285.61853
13747.0,162.2861
13748.0,5042.4365
13750.0,8249.033
13751.0,274.46072
13752.0,7515.751
13753.0,729.3897
13754.0,592.0904
13755.0,19450.926
13756.0,69869.15
13758.0,21599.543
13759.0,1259.1799
13760.0,610.89935
13761.0,2065.2668
13762.0,285.61853
13763.0,2226.0515
13764.0,3944.9346
13767.0,627552.9
13769.0,28008.125
13771.0,8971.056
13772.0,3016.1553
13774.0,346.20853
13777.0,838566.6
13778.0,185.79457
13780.0,638.313
13781.0,173.13553
13782.0,5985.6543
13784.0,27809.87
13786.0,233.90495
13787.0,622.0572
13790.0,289.61765
13791.0,3010.814
13792.0,517.2235
13798.0,2.1197e+06
13799.0,1261.3387
13800.0,602.8836
13801.0,285.61853
13802.0,15689.863
13803.0,269.35162
13804.0,17378.363
13805.0,1573.3129
13806.0,233.90495
13807.0,162.2861
13808.0,8262.311
13809.0,182.25806
13810.0,3959.0996
13811.0,2217.4612
13812.0,1524.6149
13813.0,5666.049
13814.0,3010.814
13815.0,16941.717
13816.0,1098.396
13817.0,729.2732
13819.0,3001.9902
13821.0,715.10815
13822.0,1048.4852
13823.0,1742.304
13824.0,8263.198
13826.0,196.67453
13827.0,1264.5887
13828.0,223.50269
13831.0,12394.825
13832.0,171.40015
13833.0,378.66946
13835.0,3559.2622
13837.0,578.66077
13838.0,2882.5051
13841.0,162.2861
13842.0,27758.562
13844.0,372.6305
13845.0,285.61853
13846.0,2231.626
13848.0,3035.1453
13849.0,3010.814
13850.0,2226.0515
13851.0,7233.3496
13853.0,1372.6676
13854.0,200082.02
13856.0,1230.4957
13858.0,209.3377
13859.0,209.3377
13860.0,6011.7124
13862.0,17318.193
13863.0,285.61853
13865.0,2465.4697
13866.0,173.13553
13867.0,2713.9963
13868.0,7065.626
13869.0,12689.279
13870.0,21857.441
13871.0,79452.31
13873.0,1230.4957
13874.0,602.8836
13875.0,8697.242
13876.0,173.13553
13877.0,162.2861
13878.0,1163.0771
13880.0,41120.67
13881.0,305923.78
13882.0,5880.2695
13883.0,11674.796
13884.0,4394.1074
13885.0,871.5385
13886.0,233.90495
13887.0,346.20853
13888.0,1095.7037
13889.0,426.85938
13890.0,20587.621
13892.0,2947.5076
13893.0,910.976
13894.0,1614.2639
13895.0,9498.902
13897.0,285.61853
13898.0,182.25806
13899.0,729.2732
13900.0,1960.0697
13901.0,13631.906
13904.0,664.424
13908.0,9408.731
13911.0,22503.746
13914.0,1129.8113
13917.0,578.66077
13918.0,2254.2832
13919.0,715.10815
13922.0,185.79457
13923.0,346.20853
13924.0,10703.654
13925.0,2949.6663
13926.0,232.8914
13927.0,346.20853
13928.0,2371.2944
13929.0,1589.9573
13930.0,650.259
13931.0,2220.5417
13932.0,285.61853
13933.0,1095.7037
13934.0,894.3316
13936.0,358.46545
13937.0,182.25806
13938.0,171.40015
13939.0,1614.2639
13940.0,3559.2622
13941.0,24726.805
13946.0,1583.0132
13947.0,162.2861
13948.0,162.2861
13949.0,13843.044
13950.0,3175.2563
13951.0,1796.7137
13952.0,7416.9585
13953.0,22227.473
13954.0,706.707
13955.0,622.0572
13956.0,5303.177
13959.0,1647.4025
13960.0,559.8839
13962.0,499.92847
13963.0,2933.3425
13967.0,162.2861
13969.0,168637.55
13971.0,22219.973
13972.0,517.2235
13973.0,266.8468
13974.0,412.76233
13975.0,14283.071
13976.0,358.46545
13978.0,531.38855
13979.0,894.3316
13980.0,209.3377
13982.0,7060.253
13983.0,33793.957
13984.0,4860.5938
13985.0,100809.83
13986.0,299.78357
13988.0,24431.355
13989.0,2220.5417
13990.0,285.61853
13991.0,5567.38
13992.0,171.40015
13993.0,27758.562
13994.0,13752.625
13995.0,7319.5176
13999.0,47478.14
14000.0,574.1302
14001.0,5168.3335
14002.0,871.5385
14004.0,30844.75
14005.0,13729.964
14006.0,2396.922
14009.0,1261.3387
14012.0,313.82037
14013.0,1369.5867
14014.0,535.10004
14015.0,894.3316
14016.0,17421.537
14019.0,3941.8074
14020.0,1259.1799
14021.0,1667.3451
14022.0,426.85938
14023.0,1017.0702
14024.0,650.259
14027.0,162.2861
14029.0,853.7193
14030.0,19123.65
14031.0,346831.34
14032.0,34334.4
14034.0,1810.8787
14035.0,7319.5176
14036.0,651.38464
14037.0,476.64075
14038.0,3944.9346
14039.0,196.4231
14040.0,45699.08
14041.0,173.13553
14044.0,2947.5076
14045.0,6494.015
14046.0,182.25806
14047.0,6995.3926
14048.0,412.76233
14049.0,23522.953
14050.0,1422.5359
14051.0,396098.94
14052.0,248.06995
14053.0,578.66077
14054.0,162.2861
14055.0,675.32446
14056.0,189319.08
14057.0,99119.71
14059.0,185.79457
14060.0,119881.53
14062.0,124178.08
14064.0,6962.8066
14066.0,182.25806
14067.0,694.9041
14068.0,266.8468
14071.0,12111.163
14073.0,196.4231
14075.0,2321.5134
14076.0,165.24428
14077.0,2973.7942
14078.0,6720.782
14079.0,358.46545
14080.0,171.40015
14081.0,1728.139
14082.0,185.79457
14083.0,10843.406
14085.0,83019.85
14087.0,142.17609
14088.0,642997.0
14089.0,182.25806
14090.0,157.2351
14092.0,56512.99
14093.0,441.0244
14096.0,1.1062985e+06
14098.0,187.30057
14099.0,35378.4
14100.0,209.3377
14101.0,37879.51
14102.0,6860.5396
14104.0,517.2235
14105.0,1163.0771
14107.0,17364.197
14108.0,1109.8687
14109.0,173.13553
14110.0,67285.49
14111.0,2963.8313
14112.0,19349.645
14113.0,6995.8755
14114.0,715.10815
14116.0,7319.5176
14117.0,162.2861
14121.0,10881.797
14124.0,426.85938
14125.0,8961.6045
14126.0,1952.7556
14127.0,1906.0045
14128.0,1245.015
14129.0,5702.459
14130.0,517.2808
14132.0,36900.973
14133.0,1647.4025
14135.0,72493.67
14138.0,1955.6396
14139.0,426.85938
14140.0,1652.7302
14141.0,3542.7727
14142.0,285.61853
14143.0,162.2861
14145.0,16796.377
14146.0,20232.383
14147.0,853.7193
14148.0,182.25806
14149.0,426.85938
14150.0,1259.1799
14152.0,1115.6464
14154.0,2971.6248
14155.0,162.2861
14156.0,6.456993e+06
14157.0,777.46313
14158.0,549.2651
14159.0,52418.25
14161.0,3001.9902
14162.0,610.89935
14163.0,9593.027
14164.0,3691.2507
14165.0,165.24428
14167.0,2798.1968
14171.0,358.46545
14173.0,2293.0388
14174.0,187.30057
14175.0,10115.097
14176.0,2784.0317
14177.0,2784.0317
14178.0,11787.155
14179.0,1354.3058
14180.0,117890.8
14184.0,426.85938
14185.0,209.3377
14188.0,12394.825
14189.0,72493.67
14191.0,62549.465
14193.0,1589.9573
14194.0,245684.94
14195.0,2031.0485
14196.0,313.82037
14198.0,3012.4893
14199.0,185.79457
14201.0,6631.962
14204.0,115.09657
14205.0,867.88434
14206.0,313.82037
14208.0,182.25806
14209.0,12394.825
14210.0,10766.129
14211.0,19673.143
14212.0,1272.1984
14214.0,5359.5117
14215.0,10593.165
14216.0,6995.8755
14217.0,34580.977
14218.0,185.79457
14219.0,95.12463
14220.0,1115.6464
14221.0,27758.562
14222.0,590.4539
14223.0,2699.8313
14224.0,4110.135
14226.0,10535.986
14227.0,31723.22
14229.0,3944.9346
14231.0,2396.922
14232.0,10427.899
14233.0,5655.011
14234.0,3175.2563
14235.0,15589.132
14236.0,871.5385
14237.0,182.25806
14238.0,173.13553
14239.0,27726.215
14240.0,1587.4778
14241.0,209.3377
14242.0,592.0904
14243.0,26060.207
14245.0,3691.2507
14246.0,3944.9346
14247.0,173.13553
14248.0,285.61853
14250.0,5131.5376
14251.0,13545.242
14256.0,1728.139
14257.0,15589.132
14258.0,113085.89
14259.0,165.24428
14261.0,2254.2832
14262.0,19909.523
14264.0,650.259
14265.0,871.5385
14267.0,3944.9346
14270.0,535.10004
14271.0,162.2861
14272.0,763.2981
14273.0,2784.0317
14276.0,3001.9902
14277.0,13423.697
14280.0,173.13553
14282.0,55414.75
14284.0,1109.8687
14285.0,7060.253
14286.0,15978.723
14287.0,960.9044
14288.0,426.85938
14289.0,5927.71
14290.0,11874.564
14291.0,42578.152
14292.0,40237.996
14293.0,4000.5083
14295.0,199.95961
14297.0,4460.5063
14298.0,2.2696592e+06
14299.0,32565.58
14300.0,171.40015
14301.0,574.1302
14304.0,378.66946
14305.0,5168.3335
14306.0,5048.8184
14307.0,18864.35
14309.0,21414.977
14311.0,285.61853
14312.0,9950.361
14314.0,165.24428
14315.0,14268.906
14317.0,535.10004
14320.0,853.7193
14321.0,7424.1943
14323.0,1095.7037
14326.0,185.79457
14327.0,285.61853
14329.0,34421.336
14331.0,841.55383
14332.0,2256.2607
14333.0,412.76233
14334.0,19893.393
14335.0,867.88434
14336.0,6508.18
14338.0,1084.2311
14339.0,285.61853
14340.0,173.13553
14341.0,17304.027
14342.0,2947.5076
14344.0,8647.032
14345.0,176.45114
14346.0,2031.0485
14348.0,412.76233
14349.0,219.8868
14350.0,274.46072
14351.0,157.2351
14352.0,4262.719
14353.0,162.2861
14354.0,418.6018
14355.0,185.79457
14356.0,1309.9967
14357.0,233.90495
14359.0,2256.2607
14360.0,8674.781
14362.0,196.4231
14364.0,29314.371
14367.0,148830.98
14368.0,182.25806
14371.0,162.2861
14373.0,157.2351
14375.0,233.90495
14377.0,1095.7037
14379.0,682.64716
14381.0,209.3377
14382.0,665.5497
14383.0,3049.3103
14385.0,965.156
14386.0,173.13553
14387.0,5079.6997
14388.0,24770.607
14389.0,2031.0485
14390.0,40237.996
14393.0,157.2351
14395.0,27780.158
14396.0,853.7193
14397.0,47397.88
14400.0,619.96936
14401.0,53061.188
14403.0,5655.011
14404.0,9072.337
14406.0,182.25806
14407.0,12380.66
14408.0,17023.05
14409.0,12380.66
14410.0,11479.533
14411.0,1272.1984
14412.0,1408.371
14413.0,173.13553
14414.0,10942.868
14415.0,75139.56
14416.0,867.88434
14418.0,5131.5376
14419.0,6734.9473
14420.0,378.66946
14421.0,1589.9573
14422.0,24128.943
14423.0,266.8468
14424.0,299.78357
14426.0,40304.24
14427.0,694.9041
14428.0,6011.7124
14431.0,517.2808
14432.0,12848.688
14434.0,8925.716
14436.0,162.2861
14437.0,157.2351
14438.0,173.13553
14439.0,1655.15
14440.0,12075.005
14441.0,6405.913
14442.0,3010.814
14443.0,5651.884
14446.0,4000.5083
14447.0,5969.8438
14448.0,741.65533
14449.0,3632.3462
14450.0,1369.5867
14451.0,1245.015
14452.0,592.8258
14453.0,165.24428
14456.0,26590.863
14457.0,162.2861
14459.0,2467.7332
14460.0,1278.6857
14461.0,6782.8647
14462.0,21044.549
14463.0,1387.4059
14465.0,2734.0496
14466.0,15136.402
14467.0,2798.1968
14470.0,855.7189
14472.0,15689.485
14473.0,545.7189
14474.0,602.8836
14475.0,2396.922
14476.0,209.3377
14477.0,5309.338
14479.0,622.0572
14480.0,283.51666
14481.0,1245.015
14482.0,12394.825
14483.0,173.13553
14484.0,285.61853
14485.0,196.4231
14487.0,7529.916
14488.0,1272.1984
14489.0,505.11514
14491.0,650.259
14493.0,11890.283
14494.0,187.30057
14495.0,459.821
14496.0,1008.7475
14497.0,517.2808
14498.0,8813.365
14499.0,2231.626
14500.0,1166.0192
14501.0,545.7189
14502.0,28084.395
14503.0,19684.562
14504.0,2933.3425
14505.0,46599.977
14506.0,8827.53
14507.0,8925.716
14508.0,592.8258
14511.0,6962.8066
14512.0,578.66077
14513.0,1356.9414
14514.0,2734.0496
14515.0,12394.825
14517.0,664.424
14518.0,185.79457
14520.0,511.49915
14522.0,4090.0818
14523.0,233.90495
14524.0,17754.547
14525.0,32731.309
14527.0,469023.97
14528.0,372.6305
14529.0,1647.4025
14530.0,16769.6
14532.0,3773.0073
14533.0,13151.896
14534.0,83019.85
14535.0,8947.439
14536.0,185.79457
14537.0,346.20853
14538.0,715.10815
14539.0,1022.9124
14540.0,2746.5828
14541.0,12647.272
14542.0,162.2861
14543.0,58660.87
14544.0,3925.3162
14546.0,12087.647
14547.0,29562.398
14548.0,1245.015
14549.0,274.46072
14550.0,1422.5359
14551.0,499.92847
14552.0,182.25806
14553.0,4722.494
14554.0,9506.789
14555.0,622.0572
14557.0,743.2281
14560.0,57414.547
14561.0,2886.6335
14562.0,91867.89
14565.0,12689.279
14566.0,1863.9988
14567.0,3010.814
14569.0,166.74341
14570.0,545.7189
14572.0,19054.877
14573.0,15501.417
14576.0,157.2351
14577.0,3559.2622
14578.0,118.63308
14581.0,187.30057
14582.0,162.2861
14583.0,5337.395
14584.0,4075.9167
14585.0,182.25806
14586.0,233.90495
14587.0,15231.425
14589.0,157.2351
14591.0,5666.049
14592.0,1614.2639
14593.0,1661.5674
14594.0,638.313
14595.0,10270.074
14597.0,1587.4778
14598.0,218.72638
14600.0,378.66946
14601.0,223.50269
14603.0,574.1302
14606.0,5.53033e+06
14607.0,225020.14
14608.0,6830.384
14609.0,2784.0317
14616.0,1264.5887
14618.0,1629.7643
14619.0,378.66946
14620.0,749.20105
14621.0,8585.403
14622.0,285.61853
14623.0,4773.167
14624.0,545.7189
14625.0,1573.3129
14626.0,10956.497
14628.0,1245.015
14629.0,1652.7302
14631.0,2699.8313
14632.0,162.2861
14633.0,346.20853
14636.0,1109.8687
14638.0,426.85938
14639.0,18864.35
14640.0,12394.825
14641.0,176.45114
14642.0,162.2861
14643.0,1261.3387
14644.0,1589.9573
14645.0,1095.7037
14646.0,2.0733748e+07
14647.0,233.90495
14649.0,5563.7817
14651.0,1245.015
14652.0,162.2861
14653.0,13077.196
14655.0,7144.1455
14656.0,610.89935
14657.0,3559.2622
14658.0,478.5572
14659.0,22036.451
14660.0,610.89935
14661.0,176.45114
14662.0,3175.2563
14664.0,1259.1799
14665.0,8811.426
14666.0,223.50269
14667.0,232676.95
14669.0,3035.1453
14670.0,749.20105
14672.0,1408.371
14673.0,8160.931
14675.0,645.6072
14676.0,14443.016
14680.0,444334.53
14681.0,1387.4059
14682.0,459.821
14684.0,6113.9795
14687.0,651.38464
14688.0,122052.016
14689.0,162.2861
14690.0,694.9041
14691.0,10442.064
14692.0,2784.0317
14693.0,185.79457
14696.0,14691.731
14697.0,517.2235
14698.0,6011.7124
14699.0,162.2861
14700.0,6890.9526
14701.0,22517.912
14702.0,56407.996
14703.0,299.78357
14704.0,14392.427
14705.0,185.79457
14708.0,2926.5818
14709.0,62929.984
14710.0,2798.1968
14711.0,32542.555
14712.0,2256.2607
14713.0,30571.295
14714.0,196.4231
14715.0,3632.3462
14716.0,650.259
14719.0,8160.931
14720.0,1729.552
14722.0,185.79457
14723.0,7471.9717
14725.0,689.4895
14727.0,266.8468
14729.0,285.61853
14730.0,15561.187
14731.0,1197.3522
14732.0,20264.828
14733.0,109130.93
14735.0,187401.98
14737.0,2973.1035
14738.0,10395.118
14739.0,26407.8
14740.0,3941.8074
14741.0,8925.716
14744.0,8335.891
14745.0,5955.6787
14747.0,313.82037
14748.0,7319.5176
14752.0,378.66946
14753.0,602.8836
14754.0,1245.015
14755.0,52740.082
14756.0,689.4895
14757.0,426.85938
14758.0,5655.011
14759.0,4695.839
14760.0,162.2861
14761.0,545.7189
14762.0,285.61853
14764.0,269.35162
14765.0,971.09937
14766.0,14366.964
14768.0,531.38855
14769.0,87495.21
14770.0,1573.3129
14772.0,173.13553
14775.0,2699.8313
14776.0,28130.44
14778.0,1354.3058
14779.0,1230.4957
14780.0,763.2981
14782.0,209.3377
14784.0,625.0644
14785.0,506.57242
14788.0,1194.177
14789.0,223.50269
14790.0,3175.2563
14792.0,157.2351
14793.0,248.06995
14794.0,10216.487
14795.0,173.13553
14796.0,131734.27
14798.0,914.1533
14799.0,182.25806
14800.0,49549.63
14801.0,209.3377
14803.0,2217.4612
14804.0,392.95987
14805.0,2798.1968
14806.0,209.3377
14808.0,22219.973
14810.0,22733.184
14813.0,485.7634
14815.0,1436.3743
14816.0,266.8468
14817.0,2281.0928
14818.0,1796.7137
14819.0,578.66077
14820.0,2479.6348
14821.0,157.2351
14823.0,1058.1454
14824.0,4424.8267
14825.0,26717.494
14828.0,6782.8647
14829.0,2963.8313
14830.0,209.3377
14834.0,9964.526
14836.0,933.05133
14837.0,6494.015
14840.0,157.2351
14841.0,19662.967
14842.0,10942.332
14844.0,12687.162
14847.0,285.61853
14849.0,199305.56
14850.0,313.82037
14851.0,885.70355
14852.0,16755.434
14853.0,867.88434
14854.0,19335.479
14855.0,1245.015
14856.0,3898.139
14857.0,2254.2832
14859.0,5309.338
14860.0,199.95961
14861.0,173.13553
14862.0,1604.1222
14863.0,281.01184
14865.0,392.65955
14866.0,173685.52
14867.0,1906.0045
14868.0,23966.344
14869.0,1401.0569
14870.0,313.82037
14871.0,2398.3086
14873.0,535.10004
14875.0,3010.814
14878.0,14392.427
14880.0,1906.0045
14881.0,248.06995
14882.0,1098.396
14883.0,5278.2505
14885.0,729.3897
14886.0,358.46545
14887.0,2445.9514
14888.0,358.46545
14889.0,173.13553
14890.0,173.13553
14891.0,1067.1453
14893.0,2267.2932
14894.0,574.1302
14895.0,224636.53
14896.0,853.7193
14897.0,5698.635
14898.0,7720.1753
14901.0,14057.515
14902.0,327.9854
14903.0,13646.071
14904.0,1955.6396
14905.0,1095.7037
14907.0,22199.947
14908.0,269.35162
14910.0,2211.7126
14911.0,2.8905176e+07
14912.0,1587.4778
14913.0,4460.5063
14915.0,622.0572
14916.0,4446.3413
14918.0,3691.2507
14920.0,2031.0485
14921.0,2985.7898
14923.0,729.3897
14924.0,285.61853
14929.0,232.8914
14930.0,7530.979
14931.0,6011.7124
14932.0,358.46545
14934.0,3911.1511
14935.0,2417.0056
14936.0,65447.17
14937.0,4783.941
14944.0,69326.54
14946.0,176.45114
14947.0,610.89935
14948.0,6984.654
14950.0,372.6305
14951.0,285.61853
14952.0,92944.76
14953.0,288.62576
14954.0,327.9854
14957.0,157.2351
14958.0,1387.4059
14959.0,2949.6663
14960.0,592.4701
14961.0,63781.527
14962.0,173.13553
14963.0,7456.7803
14964.0,209.3377
14965.0,1095.7037
14966.0,210.8396
14967.0,505.11514
14968.0,187.30057
14970.0,6494.015
14971.0,3016.1553
14972.0,162.2861
14973.0,3883.9739
14974.0,176.45114
14975.0,269.35162
14976.0,6631.962
14978.0,8813.365
14981.0,162.2861
14984.0,531.38855
14985.0,610.89935
14987.0,664.424
14988.0,313.82037
14995.0,559.8839
14997.0,1583.0132
14998.0,763.2981
15000.0,535.10004
15002.0,6494.015
15004.0,1163.0771
15005.0,144388.23
15006.0,535.10004
15007.0,182.25806
15009.0,3049.3103
15010.0,299.78357
15012.0,763.2981
15014.0,578.66077
15016.0,185.79457
15017.0,187.30057
15018.0,1401.5708
15019.0,266.8468
15021.0,17934.855
15022.0,3632.3462
15023.0,75674.65
15024.0,18008.768
15025.0,372.6305
15026.0,1369.5867
15027.0,4124.2993
15028.0,2850.7256
15030.0,871.5385
15031.0,2866.1814
15032.0,15689.863
15033.0,25681.545
15034.0,30106.79
15035.0,233.90495
15036.0,1369.5867
15038.0,5264.0854
15039.0,1.6925264e+06
15041.0,185.79457
15042.0,173.13553
15043.0,558.6502
15044.0,127234.56
15045.0,1354.3058
15046.0,83423.94
15047.0,313.82037
15048.0,2185.2124
15049.0,165.24428
15050.0,5079.6997
15051.0,3955.9724
15052.0,209.3377
15053.0,1745.8757
15054.0,636.2222
15057.0,3010.814
15058.0,22687.139
15059.0,13603.304
15060.0,1833.076
15061.0,2.607608e+06
15062.0,4075.9167
15063.0,358.46545
15065.0,12703.444
15066.0,894.3316
15067.0,4742.444
15068.0,1067.1453
15069.0,1223.6284
15070.0,162.2861
15071.0,2031.0485
15073.0,2746.5828
15074.0,729.3897
15075.0,729.3897
15076.0,894.3316
15078.0,313684.47
15079.0,3618.1812
15081.0,2987.9592
15083.0,162.2861
15087.0,285.61853
15088.0,2268.4482
15089.0,14027.766
15090.0,378.66946
15091.0,517.2808
15092.0,841.55383
15093.0,30613.627
15095.0,5651.884
15096.0,218.72638
15097.0,166.74341
15098.0,120766.42
15099.0,412.76233
15100.0,2242.096
15101.0,668.8084
15103.0,1324.1616
15104.0,2031.0485
15105.0,15136.402
15106.0,7319.5176
15107.0,2451.9172
15108.0,4446.3413
15109.0,517.2808
15110.0,4090.0818
15111.0,3959.0996
15113.0,12826.223
15114.0,28661.312
15115.0,327.9854
15116.0,5309.338
15117.0,7424.1943
15118.0,233.90495
15119.0,266.8468
15120.0,358.46545
15121.0,841.55383
15122.0,4783.941
15123.0,4912.3906
15124.0,499.92847
15125.0,176313.36
15127.0,412.76233
15128.0,5655.011
15129.0,36728.938
15130.0,313.82037
15132.0,5359.5117
15133.0,2699.8313
15134.0,12371.723
15135.0,173.13553
15136.0,4358.2383
15139.0,485.7634
15140.0,16341.881
15142.0,535.10004
15143.0,233.90495
15144.0,107417.375
15145.0,4349.1885
15146.0,2971.6248
15147.0,651.38464
15148.0,299.78357
15149.0,535.10004
15150.0,53054.027
15152.0,63251.816
15153.0,327.9854
15154.0,274.46072
15156.0,2321.5134
15157.0,5131.5376
15158.0,378.66946
15159.0,581561.56
15160.0,182.25806
15163.0,636.2222
15164.0,2217.4612
15165.0,517.2808
15167.0,182.25806
15168.0,176.45114
15171.0,1163.0771
15172.0,8295.785
15174.0,173.13553
15175.0,218.72638
15178.0,157.2351
15179.0,10442.064
15180.0,162.2861
15181.0,1813.0375
15182.0,1115.6464
15184.0,763.3661
15185.0,285.61853
15186.0,763.3661
15187.0,76238.875
15189.0,667587.44
15192.0,2699.8313
15193.0,535.10004
15194.0,117748.56
15195.0,5165.914
15197.0,2900.7986
15198.0,517.2235
15199.0,4446.3413
15201.0,6099.8145
15203.0,10778.3545
15204.0,285.61853
15205.0,1245.015
15206.0,2266.057
15208.0,4683.593
15210.0,313.82037
15211.0,1573.3129
15212.0,162.2861
15213.0,650.259
15214.0,13288.945
15215.0,1906.0045
15216.0,162.2861
15218.0,64626.727
15219.0,285.61853
15220.0,10579.0
15221.0,378.66946
15222.0,619.96936
15223.0,1408.371
15224.0,622.0572
15225.0,412.76233
15226.0,182.25806
15227.0,5969.8438
15228.0,13365.496
15230.0,763.2981
15232.0,1095.7037
15234.0,209.3377
15235.0,29155.121
15236.0,285.61853
15237.0,5563.7817
15238.0,2748.2146
15239.0,1468.9604
15240.0,8249.033
15241.0,14763.552
15243.0,285.61853
15244.0,1115.6464
15245.0,7675.045
15246.0,871.5385
15247.0,346.20853
15249.0,88551.39
15251.0,120137.58
15252.0,1368.4707
15253.0,4860.5938
15254.0,285.61853
15255.0,894.3316
15256.0,162.2861
15257.0,285.61853
15258.0,1115.6464
15260.0,12821.606
15261.0,233.90495
15262.0,185.79457
15263.0,182.25806
15264.0,378.66946
15265.0,3010.814
15266.0,162.2861
15267.0,8263.198
15269.0,426.92737
15270.0,16356.046
15271.0,39252.52
15272.0,1354.3058
15274.0,1278.897
15275.0,645.6072
15276.0,173.13553
15277.0,233.90495
15279.0,274.46072
15280.0,162.2861
15281.0,21011.723
15286.0,233.90495
15287.0,867.88434
15288.0,11860.399
15289.0,2411.0872
15290.0,138948.36
15291.0,73980.06
15292.0,185.79457
15296.0,23638.938
15297.0,1843.4648
15298.0,56501.223
15299.0,30844.75
15300.0,535.10004
15301.0,60778.76
15303.0,619.96936
15304.0,8027.0767
15306.0,3048.512
15307.0,209.3377
15308.0,285.61853
15311.0,5.532066e+06
15312.0,3618.1812
15313.0,157.2351
15314.0,313.82037
15315.0,1084.2311
15316.0,182.25806
15318.0,229.02756
15319.0,209.3377
15320.0,266.8468
15321.0,8947.439
15322.0,590.4539
15325.0,182.25806
15326.0,285.61853
15327.0,209.3377
15329.0,2748.2146
15330.0,1368.4707
15332.0,6494.015
15333.0,1352.0668
15334.0,1166.0192
15335.0,185.79457
15339.0,1084.2311
15341.0,2445.9514
15342.0,412.76233
15343.0,358.46545
15344.0,1515.8514
15345.0,378.66946
15346.0,233.90495
15347.0,209.3377
15348.0,182.25806
15349.0,853.7193
15350.0,162.2861
15351.0,13151.896
15353.0,1408.371
15355.0,606.25543
15356.0,28661.312
15358.0,183388.38
15360.0,441.0244
15361.0,426.85938
15363.0,313.82037
15364.0,1573.3129
15365.0,16198.933
15366.0,1095.7037
15367.0,7046.088
15368.0,441.0244
15370.0,16341.881
15372.0,2445.9514
15373.0,31869.117
15374.0,185.79457
15376.0,3049.3103
15379.0,26444.04
15380.0,8295.785
15381.0,1095.7037
15382.0,38168.37
15384.0,1245.015
15385.0,299.78357
15386.0,378.66946
15388.0,173.13553
15389.0,535.10004
15392.0,5566.909
15393.0,559.8839
15394.0,8758.674
15395.0,162.2861
15396.0,274.46072
15397.0,162.2861
15398.0,2985.7898
15399.0,2142.053
15400.0,4259.226
15402.0,1115.6464
15405.0,346.20853
15406.0,885.70355
15407.0,4124.2993
15408.0,266.8468
15410.0,25134.043
15411.0,5309.338
15412.0,196.67453
15414.0,2006.8208
15415.0,619.96936
15416.0,16927.55
15417.0,535.10004
15419.0,187.30057
15421.0,3773.0073
15422.0,459.821
15423.0,171.40015
15424.0,715.10815
15426.0,7319.5176
15427.0,3959.0996
15428.0,176.45114
15429.0,729.2732
15432.0,199.95961
15433.0,871.5385
15434.0,5425.337
15435.0,187.30057
15436.0,3016.1553
15437.0,209.3377
15438.0,182.25806
15440.0,1217.556
15442.0,619.96936
15443.0,21521.613
15444.0,3076.2097
15445.0,162.2861
15447.0,182.25806
15448.0,535.10004
15449.0,2713.9963
15450.0,441.0244
15452.0,1538.7798
15453.0,10573.198
15454.0,185.79457
15456.0,1278.6857
15457.0,233.90495
15458.0,196.4231
15460.0,209.3377
15462.0,956.9343
15463.0,187.30057
15464.0,1272.1984
15465.0,131625.64
15466.0,313.82037
15467.0,1434.157
15468.0,853.7193
15469.0,1008.7475
15471.0,450.1193
15472.0,358.46545
15473.0,12835.771
15475.0,505.11514
15478.0,3043.6233
15480.0,894.3316
15482.0,124302.94
15483.0,1687.351
15484.0,12952.176
15485.0,7580.92
15488.0,162.2861
15489.0,3016.1553
15491.0,18864.35
15492.0,1259.1799
15493.0,8827.53
15494.0,2234.7068
15497.0,2234.7068
15498.0,370292.62
15500.0,4424.8267
15502.0,124302.94
15503.0,173.13553
15504.0,157.2351
15505.0,20006.383
15506.0,2713.9963
15507.0,535.10004
15508.0,6470.407
15510.0,233.90495
15511.0,4860.5938
15512.0,459.821
15513.0,278565.7
15514.0,45040.09
15516.0,886.30023
15517.0,266.8468
15518.0,15689.485
15520.0,257.2294
15521.0,24328.875
15522.0,729.2732
15523.0,412.76233
15524.0,441.0244
15525.0,2142.053
15526.0,490.80588
15527.0,19733.447
15528.0,233.90495
15529.0,44538.99
15530.0,5669.1763
15531.0,3896.8843
15532.0,5669.1763
15533.0,2063.8782
15535.0,2725.6333
15537.0,162.2861
15539.0,477.3236
15540.0,223.50269
15541.0,162.2861
15543.0,173.13553
15544.0,28100.986
15545.0,610.89935
15547.0,65946.27
15549.0,4783.941
15550.0,2716.8706
15551.0,441.0244
15552.0,162.2861
15553.0,426.85938
15554.0,209.3377
15555.0,77196.37
15556.0,283.51666
15557.0,531.44586
15561.0,3329.2424
15562.0,173.13553
15563.0,5666.049
15565.0,485.7634
15567.0,199.95961
15568.0,1884.6609
15569.0,7305.3525
15570.0,49143.332
15571.0,2947.5076
15572.0,16728.283
15573.0,1109.8687
15574.0,2998.3242
15576.0,1063.3226
15577.0,956.9343
15578.0,173.13553
15579.0,682.64716
15581.0,46351.707
15582.0,1827.2024
15584.0,3121.1912
15585.0,505.11514
15587.0,3618.1812
15589.0,1369.5867
15592.0,378.66946
15593.0,209.3377
15594.0,8711.407
15596.0,7305.3525
15597.0,299.78357
15598.0,233.90495
15599.0,1422.5359
15601.0,91779.68
15602.0,12726.267
15603.0,157.2351
15604.0,209.3377
15605.0,5969.8438
15606.0,24830.326
15607.0,162.2861
15608.0,4276.8843
15609.0,285.61853
15610.0,162.2861
15611.0,23464.8
15612.0,531.38855
15615.0,234855.06
15618.0,3175.2563
15619.0,327.9854
15620.0,3944.9346
15621.0,4358.2383
15622.0,31938.89
15623.0,285.61853
15624.0,2784.0317
15625.0,5655.011
15626.0,1261.3387
15628.0,24481.96
15630.0,2254.2832
15632.0,24469.875
15634.0,248.06995
15636.0,1354.3058
15637.0,218.72638
15639.0,426.85938
15640.0,170970.56
15641.0,7046.088
15643.0,1796.7137
15644.0,3482.8254
15645.0,645.6072
15646.0,1278.6857
15648.0,1245.015
15649.0,1589.9573
15651.0,1810.8787
15652.0,313.82037
15653.0,1573.3129
15654.0,1620.064
15655.0,602.8836
15656.0,3161.0913
15657.0,171.40015
15658.0,5378.586
15659.0,285.61853
15660.0,15231.425
15661.0,622.0572
15663.0,173.13553
15664.0,378.66946
15665.0,5142.7407
15667.0,299.78357
15668.0,157.2351
15669.0,2963.8313
15670.0,185.79457
15671.0,17378.363
15673.0,10942.332
15674.0,12282.602
15675.0,1058.1454
15676.0,10807.596
15677.0,574.1302
15678.0,346.20853
15679.0,3329.2424
15680.0,3930.7253
15681.0,7319.5176
15683.0,209.3377
15687.0,26969.525
15689.0,545.7189
15690.0,478.5572
15691.0,173.13553
15692.0,210.8396
15694.0,89343.9
15695.0,749.20105
15696.0,22219.973
15699.0,299.78357
15700.0,1261.3387
15701.0,5566.909
15703.0,209.3377
15704.0,8361.478
15705.0,173.13553
15706.0,4110.135
15707.0,3787.1724
15708.0,22263.71
15709.0,173.13553
15712.0,5459.555
15713.0,682.64716
15714.0,664.424
15716.0,4378.0757
15717.0,182.25806
15719.0,67021.41
15720.0,645.6072
15721.0,549.2651
15722.0,10535.986
15723.0,209.3377
15724.0,545.7189
15725.0,426.92737
15727.0,36794.26
15729.0,162.2861
15730.0,3001.9902
15732.0,610.89935
15733.0,182.25806
15734.0,2971.6248
15737.0,10188.665
15738.0,77196.37
15739.0,426.85938
15740.0,182.25806
15743.0,3329.2424
15744.0,157.2351
15745.0,4276.8843
15746.0,209.3377
15747.0,2411.0872
15748.0,187.30057
15749.0,130442.43
15750.0,19564.855
15752.0,17378.363
15753.0,162.2861
15754.0,1356.9414
15755.0,14027.766
15756.0,2465.4697
15757.0,1354.3058
15758.0,223.50269
15759.0,956.9343
15762.0,1084.2311
15763.0,2179.9006
15764.0,18984.639
15766.0,285.61853
15768.0,1667.3451
15769.0,1.4513526e+06
15773.0,506.96857
15774.0,266.8468
15775.0,162.2861
15776.0,233.90495
15777.0,4110.135
15780.0,1369.5867
15781.0,1180.1842
15782.0,7664.8125
15783.0,248.06995
15785.0,11874.564
15786.0,15689.863
15787.0,2411.0872
15789.0,346.20853
15790.0,265.47766
15791.0,3691.2507
15793.0,2411.0872
15795.0,631.44214
15796.0,21857.441
15797.0,8660.616
15799.0,2242.096
15800.0,1309.9967
15801.0,2734.0496
15802.0,426.85938
15803.0,426.85938
15804.0,53417.598
15805.0,92187.516
15806.0,2049.7134
15807.0,2242.096
15808.0,16796.377
15809.0,2987.9592
15810.0,5651.884
15811.0,12488.747
15812.0,8697.242
15813.0,2220.5417
15814.0,7060.253
15815.0,10427.899
15819.0,7046.088
15820.0,209.3377
15821.0,1084.2311
15822.0,1497.904
15823.0,157.2351
15825.0,535.10004
15826.0,4783.941
15827.0,28477.426
15829.0,1245.015
15830.0,634.1344
15831.0,2049.7134
15832.0,910.976
15834.0,8754.538
15835.0,3773.0073
15836.0,173.13553
15837.0,378.66946
15838.0,643925.6
15839.0,2748.2146
15840.0,682.64716
15841.0,4446.3413
15843.0,162.2861
15844.0,173.13553
15845.0,29328.537
15847.0,729.2732
15850.0,559.8839
15852.0,485.7634
15853.0,162.2861
15854.0,38797.89
15855.0,4259.226
15856.0,381495.94
15857.0,299.78357
15858.0,7319.5176
15860.0,9243.653
15861.0,24328.875
15862.0,3591.8486
15863.0,473.98615
15864.0,10780.294
15865.0,2242.096
15866.0,233.90495
15867.0,59415.824
15869.0,476.64075
15870.0,360.37357
15872.0,709.06915
15874.0,30844.75
15877.0,804.377
15880.0,313.82037
15881.0,2973.7942
15882.0,2465.4697
15883.0,658.517
15885.0,1197.3522
15886.0,185.79457
15888.0,185.79457
15889.0,763.2981
15891.0,535.10004
15894.0,578.66077
15895.0,185.79457
15897.0,545.7189
15898.0,7217.2505
15899.0,157.2351
15900.0,360.37357
15901.0,1211.517
15903.0,37116.094
15904.0,229.00932
15906.0,11006.099
15907.0,2321.5134
15909.0,196.67453
15910.0,10775.716
15912.0,578.66077
15916.0,12710.503
15917.0,173.13553
15918.0,650.259
15919.0,1259.1799
15920.0,1528.7842
15921.0,313.82037
15922.0,358.46545
15923.0,173.13553
15925.0,209.3377
15930.0,426.85938
15932.0,19564.855
15933.0,2900.7986
15935.0,763.2981
15937.0,173.13553
15938.0,2753.1052
15939.0,90911.805
15940.0,157.2351
15942.0,313.82037
15944.0,313.82037
15945.0,185.79457
15947.0,2226.0515
15948.0,1774.8901
15949.0,709.06915
15950.0,6633.3003
15951.0,1401.0569
15952.0,3329.2424
15953.0,13549.505
15955.0,60480.15
15957.0,441.0244
15958.0,162.2861
15963.0,867.88434
15965.0,3559.2622
15967.0,777.46313
15969.0,1729.552
15970.0,285.61853
15971.0,49503.582
15973.0,285.61853
15974.0,22277.877
15975.0,358.46545
15976.0,763.2981
15977.0,2079.4316
15978.0,1372.6676
15980.0,7530.979
15981.0,25148.209
15983.0,5669.1763
15984.0,28008.125
15985.0,2281.0928
15986.0,199.95961
15987.0,10765.994
15988.0,196.4231
15990.0,1422.2094
15992.0,90.07363
15993.0,19433.54
15994.0,426.85938
15996.0,6720.782
15998.0,15603.297
16000.0,40197.227
16003.0,13646.071
16005.0,2798.1968
16006.0,162.2861
16007.0,6494.015
16008.0,1383.7516
16009.0,4090.0818
16010.0,1264.5887
16011.0,55390.06
16012.0,3955.9724
16013.0,1.7484612e+06
16014.0,1810.8787
16015.0,1830.5957
16016.0,12449.943
16017.0,209.3377
16018.0,763.3661
16019.0,31938.89
16020.0,2231.626
16022.0,651.38464
16023.0,1906.0045
16024.0,248.06995
16025.0,441.0244
16026.0,233.90495
16027.0,6126.3154
16029.0,5.1043235e+06
16030.0,313.82037
16031.0,1067.1453
16033.0,164028.69
16034.0,1278.6857
16036.0,1408.371
16037.0,2217.4612
16038.0,1416.3378
16040.0,3883.9739
16041.0,10131.379
16042.0,5969.8438
16043.0,3175.2563
16045.0,5295.173
16048.0,545.7189
16049.0,3016.1553
16050.0,173.13553
16052.0,358.46545
16053.0,3024.979
16054.0,743.2281
16055.0,173.13553
16056.0,574.1302
16057.0,15136.402
16059.0,9058.172
16062.0,4471.3486
16063.0,313.82037
16065.0,358.46545
16066.0,7424.1943
16070.0,1604.1222
16071.0,313.82037
16072.0,619.96936
16073.0,165.24428
16076.0,22645.6
16078.0,162.2861
16079.0,3898.139
16080.0,517.2235
16081.0,13631.906
16083.0,2971.6248
16084.0,426.85938
16085.0,5359.5117
16086.0,5777.868
16091.0,622.0572
16092.0,2217.4612
16093.0,157.2351
16094.0,4276.8843
16096.0,285.61853
16097.0,185.79457
16098.0,13137.731
16099.0,1906.0045
16101.0,1163.0771
16102.0,5179.72
16103.0,8732.92
16104.0,285.61853
16105.0,313.82037
16106.0,162.2861
16107.0,21599.543
16108.0,910.976
16109.0,1095.7037
16110.0,3883.9739
16112.0,1528.7842
16113.0,182.25806
16114.0,173.13553
16115.0,13423.798
16116.0,631.44214
16117.0,233.90495
16119.0,810.0493
16120.0,5295.173
16121.0,1573.3129
16122.0,2949.6663
16123.0,285.61853
16124.0,233.90495
16125.0,274.46072
16126.0,28572.79
16127.0,588.2952
16128.0,8827.53
16131.0,19662.967
16133.0,502302.62
16134.0,1109.8687
16135.0,535.10004
16136.0,1906.0045
16139.0,1810.8787
16140.0,1354.3058
16141.0,651.38464
16142.0,544.48517
16143.0,13843.044
16144.0,185.79457
16145.0,42146.254
16146.0,1906.0045
16147.0,358.46545
16148.0,157.2351
16149.0,524.9288
16150.0,10427.899
16152.0,2467.7332
16153.0,8697.242
16156.0,26969.525
16157.0,1810.8787
16159.0,346.20853
16160.0,2031.0485
16161.0,116396.016
16162.0,157.2351
16163.0,1589.9573
16164.0,2231.626
16168.0,87651.1
16169.0,6988.9775
16170.0,10766.129
16171.0,157.2351
16172.0,5777.868
16173.0,8925.716
16174.0,2699.8313
16175.0,4075.9167
16177.0,313.82037
16178.0,209.3377
16179.0,209.3377
16180.0,85561.07
16181.0,285.61853
16182.0,25871.672
16183.0,313.82037
16184.0,7515.751
16185.0,885.70355
16186.0,49002.48
16187.0,103078.8
16188.0,4075.9167
16189.0,531.38855
16190.0,223.50269
16191.0,66796.03
16193.0,285.61853
16198.0,378.66946
16200.0,2090.3276
16201.0,6985.552
16202.0,358.46545
16203.0,2784.0317
16204.0,426.92737
16205.0,3175.2563
16206.0,2725.6333
16207.0,392.8345
16208.0,1245.015
16209.0,10797.87
16210.0,371784.75
16211.0,602.8836
16212.0,1275.5037
16213.0,182.25806
16214.0,2734.0496
16215.0,233.90495
16216.0,894.3316
16217.0,622.0572
16218.0,21458.543
16221.0,2231.626
16222.0,910.976
16224.0,4446.3413
16225.0,5662.5107
16226.0,956.9343
16227.0,285.61853
16229.0,2031.0485
16230.0,1067.1453
16232.0,4075.9167
16233.0,1524.6149
16235.0,4759.002
16236.0,426.85938
16239.0,749.20105
16240.0,10121.652
16241.0,33725.895
16242.0,26786.463
16243.0,763.3661
16244.0,3010.814
16245.0,3955.9724
16247.0,162.2861
16248.0,182.25806
16249.0,8697.242
16250.0,715.10815
16253.0,10107.487
16255.0,19893.393
16256.0,729.3897
16257.0,157.2351
16258.0,29599.564
16260.0,1352.0668
16261.0,3175.2563
16265.0,48847.348
16266.0,6972.194
16268.0,1245.015
16270.0,1223.6284
16271.0,7217.2505
16272.0,412.76233
16274.0,358.46545
16275.0,602.8836
16276.0,910.976
16278.0,619.96936
16279.0,3959.0996
16281.0,3421.452
16282.0,185.79457
16283.0,7321.9272
16284.0,1604.1222
16287.0,173.13553
16292.0,285.61853
16293.0,23354.766
16295.0,5341.924
16297.0,285.61853
16298.0,1661.5674
16302.0,233.90495
16303.0,17520.13
16305.0,358.46545
16306.0,4578.7153
16308.0,9498.902
16309.0,1354.3058
16311.0,1109.8687
16313.0,511.49915
16315.0,233.90495
16316.0,22205.807
16317.0,3883.9739
16318.0,327.9854
16319.0,378.66946
16320.0,2031.0485
16321.0,2753.1052
16322.0,593.66785
16323.0,209.3377
16324.0,1278.6857
16325.0,1600.099
16326.0,42989.812
16327.0,23653.104
16330.0,971.09937
16332.0,11845.099
16333.0,559993.3
16337.0,196.4231
16338.0,209.3377
16339.0,162.2861
16340.0,602.8836
16341.0,7060.253
16342.0,1786.3248
16343.0,709.06915
16344.0,162.2861
16345.0,619.96936
16347.0,1587.4778
16348.0,10957.033
16349.0,157.2351
16350.0,4392.2407
16351.0,182.25806
16352.0,885.70355
16353.0,158832.77
16354.0,715.10815
16356.0,918.405
16357.0,1810.8787
16358.0,6985.552
16359.0,16637.268
16360.0,19626.729
16361.0,3664.9326
16362.0,4273.391
16363.0,162.2861
16364.0,1368.4707
16365.0,14392.427
16366.0,327.9854
16367.0,1436.3743
16368.0,804.377
16369.0,3959.0996
16370.0,5295.173
16372.0,709.06915
16374.0,853.7193
16376.0,2077.7998
16377.0,590.4539
16378.0,1197.3522
16379.0,8600.083
16380.0,2417.0056
16383.0,1245.015
16384.0,1084.2311
16385.0,1583.0132
16386.0,636.2222
16387.0,162.2861
16389.0,5651.884
16392.0,218.72638
16393.0,39004.36
16394.0,7410.0293
16395.0,7410.0293
16398.0,3691.2507
16399.0,763.3661
16400.0,285.61853
16401.0,48981.473
16402.0,622.0572
16403.0,185.79457
16404.0,426.85938
16405.0,485.7634
16406.0,196.4231
16407.0,22984.795
16409.0,8827.53
16411.0,531.38855
16412.0,182.25806
16413.0,266.8468
16414.0,473.98615
16415.0,209.3377
16416.0,2748.2146
16418.0,1796.7137
16419.0,6167.497
16422.0,2.4478378e+06
16423.0,360.37357
16424.0,173.13553
16425.0,285.61853
16426.0,20670.932
16427.0,545.7189
16429.0,274.46072
16430.0,285.61853
16431.0,1796.7137
16432.0,274.46072
16433.0,199.95961
16434.0,11006.099
16438.0,4394.1074
16440.0,19917.064
16441.0,715.10815
16442.0,1580.2407
16444.0,2933.3425
16445.0,248.06995
16446.0,334821.75
16447.0,233.90495
16448.0,196.67453
16449.0,1354.3058
16450.0,285.61853
16451.0,266.8468
16454.0,459.821
16455.0,13006.796
16456.0,10427.899
16457.0,209.3377
16458.0,68651.5
16460.0,2231.626
16461.0,182.25806
16462.0,886.30023
16463.0,5666.049
16464.0,3898.139
16466.0,11845.099
16468.0,157.2351
16469.0,2947.5076
16470.0,3161.0913
16471.0,218.72638
16473.0,1058.1454
16474.0,13077.196
16475.0,2784.0317
16477.0,16848.94
16478.0,1147.796
16479.0,668.8084
16480.0,729.3897
16482.0,232.8914
16483.0,173.13553
16484.0,715.10815
16485.0,358.46545
16488.0,1401.5708
16491.0,675.32446
16493.0,5295.173
16494.0,910.976
16495.0,1745.8757
16496.0,4830.692
16497.0,18864.35
16498.0,459.821
16499.0,694.9041
16500.0,2949.8289
16503.0,5651.884
16504.0,531.44586
16505.0,743.55475
16506.0,473.98615
16509.0,358.46545
16510.0,233.90495
16511.0,2411.0872
16513.0,3542.7727
16515.0,8249.033
16516.0,176.45114
16517.0,182.25806
16518.0,853.7193
16519.0,531.38855
16520.0,2734.0496
16523.0,200297.84
16525.0,340817.4
16526.0,274.46072
16527.0,233.90495
16528.0,166.74341
16529.0,505.11514
16531.0,9560.453
16532.0,19663.053
16533.0,2900.7986
16535.0,552.80774
16536.0,602.8836
16539.0,5563.7817
16542.0,165.24428
16545.0,313.82037
16546.0,1422.2094
16549.0,36700.207
16550.0,11860.399
16551.0,2242.096
16552.0,694.9041
16553.0,68624.484
16554.0,2217.4612
16555.0,625.0644
16556.0,22263.71
16557.0,606.25543
16558.0,164441.69
16560.0,1604.1222
16561.0,804.377
16563.0,1272.1984
16565.0,185.79457
16566.0,3702.1533
16567.0,1573.3129
16569.0,105.97406
16570.0,35903.54
16571.0,3955.9724
16572.0,2699.8313
16573.0,1245.015
16574.0,426.85938
16581.0,162.2861
16582.0,285.61853
16583.0,233.90495
16584.0,1728.139
16586.0,505.11514
16587.0,233.90495
16589.0,1356.9414
16591.0,209.3377
16592.0,66084.52
16593.0,1133.6312
16594.0,185.79457
16595.0,358.46545
16596.0,559.8839
16597.0,95.12463
16598.0,173.13553
16600.0,5387.2754
16601.0,233.90495
16602.0,549.2651
16603.0,853.7193
16607.0,44872.145
16609.0,41043.234
16610.0,157.2351
16611.0,173.13553
16612.0,4438.7627
16613.0,631.44214
16614.0,535.10004
16616.0,885.70355
16617.0,182.25806
16618.0,11674.796
16619.0,233.90495
16620.0,418.6018
16621.0,3482.8254
16623.0,173.13553
16624.0,1589.9573
16625.0,313.82037
16626.0,70230.945
16627.0,285.61853
16628.0,10442.064
16629.0,763.2981
16633.0,16769.6
16634.0,545.7189
16637.0,4438.7627
16638.0,18381.299
16639.0,3049.3103
16641.0,233.90495
16642.0,1194.177
16643.0,517.2808
16644.0,1589.9573
16647.0,517.2235
16648.0,274.46072
16650.0,535.10004
16652.0,43880.348
16653.0,2268.4482
16654.0,2784.0317
16655.0,23653.104
16656.0,127257.98
16657.0,3819.7588
16658.0,173.13553
16659.0,157.2351
16660.0,4460.5063
16665.0,173.13553
16666.0,176.45114
16667.0,1084.2311
16668.0,2466.0823
16669.0,3955.9724
16670.0,45040.09
16671.0,4798.106
16672.0,163988.12
16674.0,622.0572
16676.0,6508.18
16678.0,39188.695
16679.0,173.13553
16680.0,185.79457
16681.0,10579.0
16682.0,5303.177
16684.0,1.8702659e+06
16685.0,622.0572
16686.0,21444.377
16688.0,4358.2383
16689.0,763.2981
16690.0,545.7189
16692.0,2220.5417
16693.0,853.7193
16696.0,2933.3425
16697.0,162.2861
16698.0,3911.1511
16700.0,67498.38
16701.0,73380.6
16705.0,292546.25
16706.0,1401.5708
16708.0,574.1302
16709.0,15589.132
16710.0,25837.14
16711.0,8160.931
16712.0,41517.797
16713.0,102549.9
16714.0,3048.512
16715.0,285.61853
16716.0,1573.3129
16717.0,23653.104
16718.0,651.38464
16719.0,12835.771
16720.0,196.4231
16721.0,274.46072
16722.0,62929.984
16723.0,1084.2311
16725.0,6631.962
16726.0,7319.5176
16727.0,266.8468
16728.0,4110.135
16729.0,142834.19
16730.0,1960.0697
16732.0,645.6072
16734.0,1796.7137
16735.0,11860.399
16737.0,426.85938
16738.0,157.2351
16739.0,285.61853
16742.0,505.11514
16743.0,14860.354
16744.0,9560.453
16745.0,113139.77
16746.0,111734.54
16747.0,1604.1222
16748.0,7424.1943
16750.0,3687.9885
16751.0,2108.0793
16752.0,209.3377
16753.0,218.72638
16754.0,2445.9514
16755.0,3944.9346
16756.0,233.90495
16757.0,162.2861
16758.0,358.46545
16759.0,2096.4648
16761.0,285.61853
16762.0,3959.0996
16763.0,631.44214
16764.0,36833.855
16765.0,157.2351
16766.0,2281.0928
16767.0,62642.53
16768.0,1369.5867
16769.0,358.46545
16770.0,4313.2915
16771.0,10812.035
16773.0,185.79457
16774.0,2933.3425
16775.0,18870.217
16776.0,378.66946
16777.0,545.7189
16778.0,545.7189
16779.0,236570.81
16780.0,763.2981
16781.0,285.61853
16782.0,29041.012
16784.0,176.45114
16788.0,1095.7037
16789.0,209.03735
16790.0,8932.727
16791.0,11845.099
16792.0,459.821
16793.0,233.90495
16794.0,14760.59
16795.0,412.76233
16796.0,285.61853
16800.0,1210.9836
16801.0,6494.015
16803.0,313.82037
16804.0,1538.7798
16805.0,841.55383
16806.0,3315.0774
16807.0,3001.9902
16808.0,610.89935
16809.0,4860.5938
16810.0,285.61853
16811.0,999.98444
16812.0,517.2808
16813.0,18008.768
16814.0,137036.75
16816.0,2219.3054
16817.0,14970.866
16818.0,36682.89
16820.0,535.10004
16823.0,358.46545
16824.0,855.7189
16825.0,1422.5359
16826.0,313.82037
16828.0,459.821
16829.0,209.3377
16830.0,327.9854
16832.0,918.405
16833.0,4187.31
16834.0,412.76233
16835.0,485.7634
16836.0,559.8839
16837.0,35378.4
16838.0,1084.2311
16839.0,563419.2
16841.0,10780.294
16842.0,3035.1453
16843.0,167583.72
16846.0,209.3377
16847.0,209.3377
16848.0,269.35162
16849.0,173.13553
16850.0,313.82037
16851.0,1066.4695
16852.0,523.39215
16855.0,664.424
16856.0,171.40015
16858.0,358.46545
16859.0,1408.371
16861.0,485.7634
16863.0,885.70355
16866.0,918.405
16869.0,3559.2622
16871.0,16769.6
16872.0,1813.0375
16873.0,43570.39
16875.0,10427.899
16877.0,5567.38
16878.0,157.2351
16880.0,11006.099
16881.0,426.85938
16882.0,1906.0045
16883.0,578.66077
16884.0,777.46313
16885.0,1383.7516
16887.0,223.50269
16889.0,3944.9346
16891.0,4561.8555
16892.0,2906.633
16893.0,173.13553
16895.0,218.72638
16897.0,610.89935
16898.0,1401.5708
16899.0,7662.231
16900.0,2256.2607
16902.0,2226.0515
16903.0,372.6305
16904.0,61108.336
16905.0,21163.775
16906.0,2784.0317
16907.0,5359.5117
16909.0,358.46545
16910.0,12449.943
16912.0,29330.48
16913.0,162.2861
16914.0,223.50269
16915.0,4534.936
16916.0,1098.396
16917.0,378.66946
16918.0,6720.782
16919.0,29376.525
16921.0,185.79457
16923.0,142717.23
16924.0,2231.626
16926.0,233.90495
16927.0,1583.0132
16928.0,51651.77
16929.0,9367.657
16930.0,1211.517
16931.0,99069.85
16932.0,182.25806
16933.0,999.98444
16934.0,1728.139
16936.0,281.01184
16938.0,11040.39
16940.0,10117.214
16942.0,17918.725
16943.0,2217.4612
16945.0,77925.15
16947.0,412.76233
16948.0,1278.6857
16949.0,7527.378
16950.0,3048.512
16951.0,3035.1453
16952.0,485.7634
16953.0,171.40015
16954.0,19390.799
16955.0,2465.4697
16956.0,299.78357
16957.0,763.2981
16959.0,162.2861
16960.0,1401.5708
16961.0,233.90495
16963.0,162.2861
16965.0,209.3377
16966.0,14850.324
16967.0,285.61853
16968.0,706.707
16969.0,1810.8787
16971.0,372.6305
16976.0,233.90495
16978.0,346.20853
16979.0,10705.594
16980.0,2165.7356
16982.0,378.66946
16983.0,13151.896
16984.0,11189.938
16985.0,53054.027
16986.0,3925.3162
16987.0,11652.303
16988.0,105.97406
16989.0,7172.001
16990.0,185.79457
16992.0,8263.198
16996.0,8925.716
16997.0,1861.6954
16998.0,1786.3248
16999.0,867.88434
17001.0,44326.723
17002.0,3944.9346
17004.0,3029.4583
17006.0,3239.669
17007.0,5826.816
17010.0,223.50269
17011.0,281.01184
17014.0,1646.8501
17015.0,5193.8853
17017.0,163988.12
17018.0,1573.3129
17019.0,4460.5063
17022.0,171.40015
17024.0,886.30023
17025.0,1197.3522
17026.0,485.7634
17027.0,5826.816
17029.0,1354.3058
17030.0,173.13553
17031.0,709.06915
17033.0,2699.8313
17034.0,1974.2346
17035.0,763.2981
17037.0,1163.0771
17038.0,176.45114
17040.0,426.85938
17041.0,2900.7986
17042.0,5303.177
17043.0,6508.18
17044.0,1063.3226
17045.0,1133.6312
17046.0,574.1302
17047.0,2886.6335
17048.0,2242.096
17049.0,48364.688
17050.0,18984.639
17051.0,233.90495
17052.0,426.92737
17053.0,535.10004
17054.0,6962.8066
17058.0,3048.512
17059.0,15603.297
17060.0,233.90495
17061.0,61699.652
17062.0,2725.6333
17063.0,10957.033
17064.0,2217.4612
17068.0,98547.984
17069.0,24844.492
17070.0,285.61853
17071.0,21398.846
17073.0,5666.049
17075.0,3559.2622
17076.0,2231.626
17078.0,709.06915
17079.0,162.2861
17080.0,625.0644
17081.0,625.0644
17082.0,3925.3162
17083.0,3941.8074
17084.0,7370.6333
17085.0,7410.0293
17086.0,12320.125
17088.0,7060.253
17090.0,13077.196
17091.0,31960.486
17092.0,6942.2266
17094.0,285.61853
17095.0,3898.139
17096.0,4090.0818
17097.0,8707.041
17100.0,1742.304
17101.0,6540.766
17102.0,157.2351
17105.0,1245.015
17107.0,65137.836
17109.0,5785.5005
17110.0,182.25806
17111.0,233.90495
17114.0,8114.836
17115.0,2264.2124
17117.0,162.2861
17118.0,182.25806
17119.0,1028.5428
17120.0,285.61853
17122.0,173.13553
17123.0,346.20853
17124.0,285.61853
17125.0,233.90495
17126.0,5345.3467
17128.0,182.25806
17131.0,12195.9375
17133.0,34421.336
17134.0,763.2981
17135.0,8703.341
17138.0,358.46545
17139.0,124302.94
17140.0,517.2808
17142.0,619.96936
17144.0,1955.6396
17146.0,1960.0697
17147.0,6508.18
17148.0,173.13553
17152.0,4783.941
17153.0,223.50269
17154.0,313.82037
17155.0,559.8839
17157.0,668.8084
17158.0,3049.3103
17159.0,3959.0996
17160.0,19677.133
17162.0,18381.299
17163.0,625.0644
17164.0,16863.105
17165.0,182.25806
17166.0,531.38855
17169.0,1589.9573
17171.0,218.72638
17172.0,285.61853
17173.0,29278.133
17174.0,157.2351
17175.0,5651.884
17176.0,285.61853
17179.0,1906.0045
17180.0,3315.0774
17181.0,545.7189
17183.0,19977.865
17186.0,476.64075
17187.0,209.3377
17188.0,16863.105
17189.0,715.10815
17190.0,763.2981
17191.0,14766.432
17193.0,11845.099
17194.0,578.66077
17197.0,1366.2317
17198.0,1827.2024
17201.0,313.82037
17203.0,19677.133
17204.0,5655.011
17205.0,378.66946
17206.0,209.3377
17211.0,18750.693
17212.0,233.90495
17213.0,19349.645
17214.0,6720.782
17217.0,162.2861
17218.0,20765.04
17219.0,176.45114
17220.0,44193.81
17221.0,593.66785
17222.0,346.20853
17223.0,763.2981
17226.0,378.66946
17227.0,6140.4805
17228.0,15703.65
17229.0,622.0572
17230.0,29314.371
17231.0,30831.818
17232.0,706.707
17233.0,210.8396
17234.0,182.25806
17235.0,1081.3102
17236.0,5985.6543
17237.0,636.2222
17238.0,62252.477
17239.0,378.66946
17242.0,2281.0928
17243.0,227158.58
17244.0,1049.1576
17245.0,185.79457
17247.0,283.51666
17248.0,285.61853
17250.0,658.517
17251.0,274.46072
17252.0,682.64716
17253.0,199.95961
17254.0,511.49915
17255.0,622.0572
17256.0,545.7189
17259.0,1095.7037
17262.0,6099.8145
17263.0,157.2351
17265.0,1067.1453
17266.0,990.98425
17267.0,622.0572
17268.0,3161.0913
17272.0,8660.616
17274.0,176.45114
17277.0,2065.2668
17278.0,233.90495
17279.0,185.79457
17282.0,4783.941
17284.0,9950.361
17286.0,196.4231
17287.0,8277.365
17288.0,10708.051
17289.0,2411.0872
17290.0,804.377
17291.0,602.8836
17293.0,17770.678
17295.0,1597.1781
17297.0,187.30057
17298.0,871.5385
17299.0,2947.5076
17301.0,223.50269
17302.0,5792.033
17303.0,233.90495
17306.0,149457.33
17309.0,162.2861
17311.0,3029.4583
17312.0,1796.7137
17313.0,4199.009
17314.0,19733.447
17315.0,239921.81
17317.0,7566.755
17320.0,3048.512
17321.0,1356.7478
17323.0,7292.6904
17324.0,4090.0818
17325.0,162.2861
17329.0,885.70355
17330.0,709.06915
17331.0,185.79457
17333.0,535.10004
17334.0,622.0572
17337.0,7046.088
17338.0,47589.887
17339.0,545.7189
17340.0,132242.89
17341.0,2049.7134
17343.0,209.3377
17344.0,182.25806
17345.0,2739.7983
17346.0,45683.465
17347.0,233.90495
17348.0,5969.8438
17349.0,162.2861
17350.0,4493.0923
17351.0,1614.2639
17353.0,3691.2507
17354.0,1863.9988
17356.0,185.79457
17357.0,729.2732
17358.0,694.9041
17359.0,187.30057
17360.0,1614.2639
17361.0,1369.5867
17362.0,622.0572
17364.0,47624.27
17365.0,37291.65
17367.0,185.79457
17368.0,15703.65
17370.0,2278.8738
17371.0,1292.8506
17372.0,12000.847
17373.0,2947.5076
17374.0,871.5385
17375.0,1230.4957
17376.0,517.2235
17377.0,84492.13
17379.0,392.8345
17381.0,499890.66
17382.0,157.2351
17383.0,142.17609
17384.0,664.424
17385.0,281.01184
17386.0,14882.213
17387.0,1436.3743
17388.0,4446.3413
17389.0,1.0779494e+06
17391.0,871.5385
17392.0,841.55383
17394.0,209.3377
17396.0,58233.62
17397.0,1275.5037
17398.0,1796.7137
17400.0,10427.899
17402.0,34862.582
17403.0,283.51666
17404.0,497781.94
17405.0,2624.4229
17406.0,6782.8647
17408.0,157.2351
17409.0,1408.371
17410.0,5969.8438
17411.0,2063.8782
17412.0,9367.657
17414.0,1422.2094
17415.0,535.10004
17416.0,47008.477
17418.0,841.55383
17419.0,49503.582
17420.0,1647.4025
17422.0,10780.294
17423.0,1309.9967
17425.0,1422.5359
17426.0,30962.666
17427.0,162.2861
17428.0,468161.3
17429.0,1387.4059
17430.0,592.8258
17431.0,378.66946
17432.0,709.06915
17433.0,285.61853
17434.0,16255.217
17436.0,450.06183
17438.0,378.66946
17440.0,914.1533
17442.0,12764.796
17443.0,544.48517
17444.0,8947.439
17446.0,459.821
17447.0,1081.3102
17449.0,16762.28
17450.0,8.945481e+06
17451.0,11652.303
17453.0,867.88434
17454.0,2465.4697
17455.0,173.13553
17456.0,233.90495
17457.0,8249.033
17458.0,299.78357
17459.0,1245.015
17460.0,4578.7153
17461.0,1974.2346
17462.0,1261.3387
17463.0,8827.53
17464.0,274.46072
17466.0,1455.1221
17468.0,506.57242
17469.0,8827.53
17470.0,5777.868
17472.0,1906.0045
17475.0,209.3377
17480.0,535.10004
17481.0,4358.2383
17483.0,1264.5887
17486.0,378.66946
17489.0,694.9041
17490.0,14691.731
17491.0,31730.65
17492.0,358.46545
17495.0,918.28973
17496.0,266.8468
17498.0,266.8468
17499.0,651.38464
17500.0,3016.1553
17501.0,610.89935
17502.0,2996.4177
17503.0,999.98444
17504.0,26939.229
17505.0,2281.0928
17506.0,285.61853
17507.0,1095.7037
17508.0,378.66946
17509.0,49666.402
17510.0,299.78357
17511.0,2.8197465e+06
17512.0,28661.312
17513.0,535.10004
17514.0,209.3377
17515.0,2947.5076
17516.0,4327.4565
17517.0,182.25806
17519.0,10780.294
17520.0,602.8836
17521.0,1920.1694
17522.0,5337.395
17523.0,2947.5076
17524.0,173.13553
17525.0,426.85938
17526.0,4349.1885
17527.0,3773.0073
17528.0,29335.967
17530.0,24331.006
17531.0,274.46072
17534.0,218.72638
17535.0,182.25806
17536.0,157.2351
17537.0,1587.4778
17538.0,176.45114
17540.0,1098.396
17542.0,185.79457
17545.0,1796.7137
17548.0,162.2861
17549.0,490.80588
17550.0,989.8762
17551.0,285.61853
17552.0,3773.0073
17553.0,1801.3789
17554.0,8752.83
17555.0,867.88434
17556.0,182.25806
17557.0,1597.1781
17560.0,4708.329
17561.0,199.95961
17562.0,8703.341
17564.0,1371.1063
17566.0,1620.064
17567.0,29746.543
17569.0,313.82037
17571.0,5655.011
17572.0,1687.351
17573.0,1211.517
17574.0,185.79457
17576.0,69037.82
17578.0,173.13553
17579.0,1211.5239
17580.0,918.405
17581.0,263363.56
17582.0,185.79457
17584.0,2145.133
17585.0,4378.0757
17588.0,3035.1453
17589.0,9408.731
17590.0,3856.8335
17591.0,14846.188
17593.0,19732.342
17594.0,2031.0485
17595.0,729.2732
17596.0,19349.645
17597.0,2445.9514
17600.0,196.4231
17601.0,162.2861
17602.0,30480.008
17603.0,378.66946
17604.0,622.0572
17608.0,531.38855
17609.0,5777.868
17611.0,62597.105
17612.0,12380.66
17613.0,60480.15
17614.0,378.66946
17615.0,1133.6312
17616.0,1600.099
17618.0,2321.5134
17619.0,218.72638
17620.0,162.2861
17621.0,3955.9724
17623.0,549.2651
17624.0,1604.1222
17625.0,8674.781
17628.0,157.2351
17629.0,14999.506
17630.0,871.5385
17631.0,1320.2441
17633.0,5309.338
17634.0,21398.846
17636.0,288.62576
17637.0,1081.3102
17639.0,162.2861
17640.0,651.38464
17642.0,1354.3058
17643.0,162.2861
17644.0,32163.893
17646.0,2699.8313
17647.0,173.13553
17648.0,6942.2266
17649.0,894.3316
17650.0,196.4231
17651.0,35903.54
17652.0,56881.742
17653.0,4438.7627
17654.0,162.2861
17655.0,17378.363
17656.0,8249.033
17658.0,1109.8687
17659.0,39451.086
17660.0,209.3377
17663.0,12835.771
17664.0,1109.8687
17666.0,1278.897
17667.0,10427.899
17668.0,626.056
17669.0,22263.71
17670.0,209.3377
17671.0,5669.1763
17672.0,7356.4683
17673.0,9771.73
17674.0,1067.1453
17675.0,643388.94
17676.0,8732.92
17677.0,486990.34
17678.0,285.61853
17679.0,3911.1511
17680.0,199.95961
17682.0,14366.964
17684.0,233.90495
17685.0,21599.543
17686.0,42484.22
17690.0,73980.06
17691.0,610.89935
17692.0,3107.0261
17693.0,209.3377
17694.0,274.46072
17695.0,1408.371
17696.0,17688.166
17697.0,313.82037
17698.0,182.25806
17700.0,9607.192
17701.0,426.85938
17702.0,6956.3916
17703.0,2063.8782
17704.0,1573.3129
17705.0,17052.994
17706.0,167252.14
17707.0,485.7634
17708.0,578.66077
17709.0,173.13553
17711.0,729.2732
17712.0,535.10004
17714.0,182.25806
17715.0,313.82037
17716.0,62642.53
17718.0,173.13553
17719.0,84591.77
17720.0,4438.7627
17722.0,9408.731
17723.0,18984.639
17724.0,2699.8313
17725.0,36682.89
17727.0,1286.3633
17728.0,8910.643
17730.0,72678.26
17731.0,4446.3413
17732.0,285.61853
17733.0,1275.5037
17734.0,1861.6954
17735.0,239826.28
17736.0,1244.1033
17737.0,532.5147
17738.0,7060.253
17739.0,19349.645
17742.0,682.64716
17744.0,13752.625
17746.0,162.2861
17747.0,157.2351
17749.0,1245.015
17750.0,17052.994
17752.0,162.2861
17754.0,8585.403
17757.0,168517.36
17758.0,25148.209
17759.0,2231.626
17760.0,625.0644
17761.0,689.4895
17763.0,157.2351
17764.0,1589.9573
17765.0,1197.3522
17767.0,281.01184
17768.0,6581.7817
17769.0,36187.805
17770.0,5777.868
17771.0,545.7189
17772.0,499.92847
17774.0,4446.3413
17775.0,157.2351
17777.0,1810.8787
17779.0,1810.8787
17781.0,517.2235
17783.0,610.89935
17785.0,173.13553
17786.0,592.0904
17787.0,7046.088
17788.0,2281.0928
17789.0,233.90495
17790.0,28666.217
17791.0,176.45114
17793.0,299.78357
17795.0,682.64716
17796.0,3012.4893
17797.0,2063.8782
17799.0,30831.818
17800.0,11874.457
17802.0,3035.1453
17805.0,535.10004
17806.0,617.04865
17809.0,66865.23
17811.0,295361.0
17812.0,3121.1912
17813.0,8711.407
17816.0,1542.9492
17817.0,1163.334
17819.0,26444.04
17824.0,285.61853
17827.0,8752.83
17828.0,6956.3916
17829.0,894.3316
17830.0,1163.334
17831.0,171.40015
17832.0,182.25806
17835.0,1098.8574
17836.0,162.2861
17837.0,13535.34
17838.0,13646.071
17839.0,313.82037
17841.0,2.8902176e+07
17843.0,209.3377
17844.0,157.2351
17846.0,2445.9514
17848.0,10478.792
17849.0,2784.0317
17850.0,182358.44
17852.0,473.98615
17854.0,622.0572
17855.0,209.3377
17856.0,5563.7817
17857.0,551022.8
17858.0,60950.58
17859.0,173.13553
17860.0,233.90495
17861.0,17175.732
17862.0,313.82037
17863.0,18864.35
17864.0,1661.5674
17865.0,212144.69
17866.0,313.82037
17867.0,7529.916
17869.0,2787.1982
17870.0,24753.432
17871.0,182.25806
17873.0,8813.365
17874.0,4942.6255
17877.0,233.90495
17878.0,358.46545
17879.0,185.79457
17880.0,505.11514
17881.0,173.13553
17883.0,2866.1814
17884.0,3031.6177
17885.0,210.8396
17886.0,2256.2607
17887.0,162.2861
17888.0,8362.702
17889.0,517.2235
17890.0,1095.7037
17891.0,209.3377
17892.0,956.9343
17893.0,162.2861
17894.0,10026.837
17895.0,162.2861
17896.0,248.06995
17897.0,1600.099
17898.0,485.7634
17899.0,182.25806
17900.0,459.821
17901.0,176.45114
17904.0,210.8396
17905.0,3315.0774
17906.0,157.2351
17908.0,233.90495
17911.0,405.2168
17912.0,2097.5027
17913.0,749.20105
17914.0,257.2294
17917.0,1133.6312
17919.0,1163.0771
17920.0,67286.5
17921.0,3545.0972
17923.0,209.3377
17924.0,21458.543
17925.0,233.90495
17926.0,715.10815
17928.0,517.2235
17929.0,3559.2622
17930.0,8388.318
17931.0,749.20105
17932.0,3898.139
17934.0,1309.9967
17935.0,476.64075
17936.0,322.07858
17937.0,27254.873
17939.0,162.2861
17940.0,36667.63
17941.0,285.61853
17942.0,203.98636
17946.0,476.64075
17947.0,199.95961
17948.0,358.46545
17949.0,2.6357912e+06
17950.0,1369.5867
17951.0,2713.9963
17954.0,29738.48
17955.0,2784.0317
17956.0,157.2351
17957.0,162.2861
17958.0,535.10004
17960.0,157.2351
17961.0,52029.566
17962.0,162.2861
17964.0,867.88434
17965.0,37073.562
17966.0,5676.676
17967.0,173.13553
17968.0,269.35162
17969.0,545.7189
17970.0,619.96936
17972.0,173.13553
17973.0,313.82037
17974.0,1920.1694
17975.0,57562.164
17976.0,346.20853
17977.0,288.62576
17978.0,285.61853
17979.0,3175.2563
17980.0,2217.4612
17984.0,182.25806
17985.0,588.2952
17986.0,157.2351
17987.0,209.3377
17988.0,3609.364
17990.0,1667.3451
17991.0,459.821
17994.0,2949.6663
17995.0,157.2351
17997.0,15689.485
17999.0,729.2732
18001.0,777.46313
18004.0,185.79457
18005.0,478.5572
18006.0,441.0244
18008.0,19579.22
18009.0,233.90495
18010.0,185.79457
18011.0,162.2861
18013.0,485.7634
18014.0,199.95961
18015.0,98.08281
18016.0,7371.009
18017.0,1387.4059
18018.0,459.821
18019.0,157.2351
18022.0,588.2952
18024.0,715.10815
18027.0,162.2861
18030.0,478.5572
18032.0,157.2351
18033.0,162.2861
18034.0,777.46313
18035.0,1920.1694
18036.0,1278.7535
18037.0,2227.3186
18040.0,709.06915
18041.0,85755.53
18042.0,182.25806
18043.0,1597.1781
18044.0,22453.672
18045.0,196.67453
18048.0,485.7634
18050.0,157.2351
18053.0,285.61853
18055.0,65524.64
18056.0,358.46545
18058.0,232.54584
18059.0,1072.3104
18061.0,22984.795
18062.0,1906.0045
18064.0,1589.9573
18065.0,34963.996
18066.0,285.61853
18067.0,392.8345
18068.0,162.2861
18069.0,8827.53
18071.0,763.2981
18072.0,233.90495
18073.0,47195.93
18074.0,517.2808
18075.0,26334.732
18077.0,29055.955
18078.0,650.259
18079.0,16796.377
18080.0,2234.7068
18081.0,1147.796
18082.0,653.27686
18084.0,176.45114
18085.0,1261.3387
18086.0,162.2861
18087.0,10107.487
18088.0,185.79457
18092.0,102368.086
18093.0,8660.616
18094.0,21444.377
18095.0,1084.2311
18096.0,2256.2607
18097.0,14882.213
18099.0,185.79457
18101.0,559.8839
18102.0,2.6392965e+06
18104.0,743.55475
18105.0,176.45114
18106.0,426.85938
18108.0,266.8468
18109.0,237316.98
18110.0,248.06995
18112.0,696.8122
18113.0,157.2351
18114.0,218.72638
18116.0,12357.558
18117.0,299.78357
18118.0,182492.31
18119.0,185.79457
18120.0,162.2861
18121.0,1245.015
18122.0,10862.247
18123.0,1098.396
18125.0,4392.2407
18126.0,209.3377
18127.0,1180.1842
18129.0,162.2861
18130.0,2748.2146
18133.0,1049.1576
18135.0,4066.064
18136.0,2049.7134
18138.0,182.25806
18139.0,54381.793
18142.0,2031.0485
18143.0,2031.0485
18144.0,37006.047
18145.0,10956.497
18146.0,485.7634
18147.0,485.7634
18149.0,1647.4025
18150.0,1614.2639
18151.0,1245.015
18154.0,658.517
18155.0,1197.3522
18156.0,1368.4707
18158.0,888.30505
18159.0,535.10004
18160.0,1245.015
18161.0,8263.198
18164.0,392.8345
18165.0,285.61853
18167.0,3955.9724
18168.0,7515.751
18169.0,209.3377
18170.0,2713.9963
18171.0,6099.8145
18172.0,152377.98
18173.0,8660.616
18174.0,95.12463
18176.0,517.2808
18177.0,8569.005
18178.0,6494.015
18179.0,10535.222
18180.0,10705.594
18181.0,392.8345
18183.0,1115.6464
18184.0,171.40015
18185.0,285.61853
18188.0,5182.4985
18189.0,2165.7356
18190.0,610.89935
18191.0,209.3377
18192.0,1049.1576
18193.0,233.90495
18194.0,1049.1576
18196.0,1261.3387
18198.0,89378.14
18200.0,182.25806
18202.0,3941.8074
18203.0,182.25806
18204.0,5168.3335
18205.0,885.70355
18209.0,187.30057
18210.0,14148.246
18211.0,3702.1533
18212.0,233.90495
18213.0,233.90495
18215.0,285.61853
18216.0,531.44586
18217.0,1129.8113
18218.0,1245.015
18219.0,22379.572
18220.0,285.61853
18221.0,5392.751
18222.0,426.85938
18223.0,89465.76
18224.0,182.25806
18225.0,66961.81
18226.0,61699.652
18227.0,162.2861
18228.0,1422.2094
18229.0,152377.98
18230.0,19433.54
18231.0,10427.899
18232.0,2784.0317
18233.0,426.85938
18235.0,5065.5347
18236.0,5785.5005
18237.0,5269.9375
18239.0,7410.0293
18240.0,426.85938
18241.0,36213.527
18242.0,8754.538
18245.0,16728.283
18246.0,1109.8687
18248.0,1422.2094
18249.0,176.45114
18250.0,346.20853
18251.0,5844.3955
18252.0,871.5385
18255.0,162.2861
18257.0,18750.693
18259.0,7545.144
18260.0,14784.155
18261.0,622.0572
18262.0,173.13553
18263.0,3062.677
18265.0,1422.2094
18268.0,157.2351
18269.0,185.79457
18270.0,625.0644
18272.0,18583.748
18273.0,851.2435
18274.0,199.95961
18276.0,313.82037
18277.0,162.2861
18278.0,185.79457
18280.0,185.79457
18281.0,162.2861
18282.0,532.5147
18283.0,34624.668
18287.0,5179.72
